time,scenario,tx_tn_days_above_p10,tx_tn_days_above_p50,tx_tn_days_above_p90
1950-03-01 12:00:00,ssp126,0,0,1
1950-03-01 12:00:00,ssp245,0,0,1
1950-03-01 12:00:00,ssp585,0,0,1
1950-03-01 12:00:00,ssp370,0,0,1
1950-06-01 12:00:00,ssp245,2,6,17
1950-06-01 12:00:00,ssp126,2,7,16
1950-06-01 12:00:00,ssp370,2,6,17
1950-06-01 12:00:00,ssp585,2,6,17
1950-09-01 12:00:00,ssp245,0,0,1
1950-09-01 12:00:00,ssp126,0,0,1
1950-09-01 12:00:00,ssp585,0,0,2
1950-09-01 12:00:00,ssp370,0,0,1
1950-12-01 12:00:00,ssp585,0,0,0
1950-12-01 12:00:00,ssp245,0,0,0
1950-12-01 12:00:00,ssp126,0,0,0
1950-12-01 12:00:00,ssp370,0,0,0
1951-03-01 12:00:00,ssp245,0,0,1
1951-03-01 12:00:00,ssp585,0,0,1
1951-03-01 12:00:00,ssp370,0,0,1
1951-03-01 12:00:00,ssp126,0,0,1
1951-06-01 12:00:00,ssp370,3,8,17
1951-06-01 12:00:00,ssp126,3,8,17
1951-06-01 12:00:00,ssp245,4,8,18
1951-06-01 12:00:00,ssp585,3,8,17
1951-09-01 12:00:00,ssp245,0,0,3
1951-09-01 12:00:00,ssp585,0,0,3
1951-09-01 12:00:00,ssp370,0,0,3
1951-09-01 12:00:00,ssp126,0,0,3
1951-12-01 12:00:00,ssp126,0,0,0
1951-12-01 12:00:00,ssp245,0,0,0
1951-12-01 12:00:00,ssp370,0,0,0
1951-12-01 12:00:00,ssp585,0,0,0
1952-03-01 12:00:00,ssp370,0,0,0
1952-03-01 12:00:00,ssp245,0,0,1
1952-03-01 12:00:00,ssp126,0,0,1
1952-03-01 12:00:00,ssp585,0,0,1
1952-06-01 12:00:00,ssp126,5,10,15
1952-06-01 12:00:00,ssp370,6,11,15
1952-06-01 12:00:00,ssp245,5,11,15
1952-06-01 12:00:00,ssp585,6,11,14
1952-09-01 12:00:00,ssp245,0,0,2
1952-09-01 12:00:00,ssp126,0,0,2
1952-09-01 12:00:00,ssp370,0,0,2
1952-09-01 12:00:00,ssp585,0,0,2
1952-12-01 12:00:00,ssp370,0,0,0
1952-12-01 12:00:00,ssp585,0,0,0
1952-12-01 12:00:00,ssp126,0,0,0
1952-12-01 12:00:00,ssp245,0,0,0
1953-03-01 12:00:00,ssp245,0,0,0
1953-03-01 12:00:00,ssp126,0,0,0
1953-03-01 12:00:00,ssp585,0,0,0
1953-03-01 12:00:00,ssp370,0,0,0
1953-06-01 12:00:00,ssp585,3,7,13
1953-06-01 12:00:00,ssp126,3,7,13
1953-06-01 12:00:00,ssp370,3,8,14
1953-06-01 12:00:00,ssp245,3,7,14
1953-09-01 12:00:00,ssp245,0,0,1
1953-09-01 12:00:00,ssp126,0,0,2
1953-09-01 12:00:00,ssp370,0,0,2
1953-09-01 12:00:00,ssp585,0,0,2
1953-12-01 12:00:00,ssp585,0,0,0
1953-12-01 12:00:00,ssp245,0,0,0
1953-12-01 12:00:00,ssp126,0,0,0
1953-12-01 12:00:00,ssp370,0,0,0
1954-03-01 12:00:00,ssp245,0,0,0
1954-03-01 12:00:00,ssp126,0,0,1
1954-03-01 12:00:00,ssp370,0,0,0
1954-03-01 12:00:00,ssp585,0,0,0
1954-06-01 12:00:00,ssp370,2,6,11
1954-06-01 12:00:00,ssp126,2,6,11
1954-06-01 12:00:00,ssp585,3,7,12
1954-06-01 12:00:00,ssp245,2,6,11
1954-09-01 12:00:00,ssp585,0,0,0
1954-09-01 12:00:00,ssp126,0,0,0
1954-09-01 12:00:00,ssp245,0,0,0
1954-09-01 12:00:00,ssp370,0,0,1
1954-12-01 12:00:00,ssp126,0,0,0
1954-12-01 12:00:00,ssp585,0,0,0
1954-12-01 12:00:00,ssp245,0,0,0
1954-12-01 12:00:00,ssp370,0,0,0
1955-03-01 12:00:00,ssp370,0,0,0
1955-03-01 12:00:00,ssp585,0,0,0
1955-03-01 12:00:00,ssp245,0,0,0
1955-03-01 12:00:00,ssp126,0,0,0
1955-06-01 12:00:00,ssp585,2,7,14
1955-06-01 12:00:00,ssp245,2,7,14
1955-06-01 12:00:00,ssp126,2,8,14
1955-06-01 12:00:00,ssp370,2,8,14
1955-09-01 12:00:00,ssp245,0,0,2
1955-09-01 12:00:00,ssp585,0,0,2
1955-09-01 12:00:00,ssp370,0,0,2
1955-09-01 12:00:00,ssp126,0,0,2
1955-12-01 12:00:00,ssp370,0,0,0
1955-12-01 12:00:00,ssp585,0,0,0
1955-12-01 12:00:00,ssp245,0,0,0
1955-12-01 12:00:00,ssp126,0,0,0
1956-03-01 12:00:00,ssp585,0,0,0
1956-03-01 12:00:00,ssp245,0,0,1
1956-03-01 12:00:00,ssp126,0,0,0
1956-03-01 12:00:00,ssp370,0,0,0
1956-06-01 12:00:00,ssp585,3,8,17
1956-06-01 12:00:00,ssp245,3,8,17
1956-06-01 12:00:00,ssp126,3,8,16
1956-06-01 12:00:00,ssp370,3,8,18
1956-09-01 12:00:00,ssp585,0,0,1
1956-09-01 12:00:00,ssp370,0,0,1
1956-09-01 12:00:00,ssp245,0,0,1
1956-09-01 12:00:00,ssp126,0,0,1
1956-12-01 12:00:00,ssp245,0,0,0
1956-12-01 12:00:00,ssp585,0,0,0
1956-12-01 12:00:00,ssp126,0,0,0
1956-12-01 12:00:00,ssp370,0,0,0
1957-03-01 12:00:00,ssp245,0,0,0
1957-03-01 12:00:00,ssp370,0,0,1
1957-03-01 12:00:00,ssp126,0,0,0
1957-03-01 12:00:00,ssp585,0,0,0
1957-06-01 12:00:00,ssp370,4,8,18
1957-06-01 12:00:00,ssp245,4,8,18
1957-06-01 12:00:00,ssp585,3,8,18
1957-06-01 12:00:00,ssp126,3,9,18
1957-09-01 12:00:00,ssp370,0,0,1
1957-09-01 12:00:00,ssp585,0,0,2
1957-09-01 12:00:00,ssp126,0,0,2
1957-09-01 12:00:00,ssp245,0,0,1
1957-12-01 12:00:00,ssp370,0,0,0
1957-12-01 12:00:00,ssp585,0,0,0
1957-12-01 12:00:00,ssp126,0,0,0
1957-12-01 12:00:00,ssp245,0,0,0
1958-03-01 12:00:00,ssp585,0,0,0
1958-03-01 12:00:00,ssp126,0,0,0
1958-03-01 12:00:00,ssp370,0,0,0
1958-03-01 12:00:00,ssp245,0,0,0
1958-06-01 12:00:00,ssp585,2,7,16
1958-06-01 12:00:00,ssp126,2,7,15
1958-06-01 12:00:00,ssp245,2,7,15
1958-06-01 12:00:00,ssp370,3,8,15
1958-09-01 12:00:00,ssp585,0,0,1
1958-09-01 12:00:00,ssp245,0,0,2
1958-09-01 12:00:00,ssp126,0,0,1
1958-09-01 12:00:00,ssp370,0,0,2
1958-12-01 12:00:00,ssp245,0,0,0
1958-12-01 12:00:00,ssp126,0,0,0
1958-12-01 12:00:00,ssp370,0,0,0
1958-12-01 12:00:00,ssp585,0,0,0
1959-03-01 12:00:00,ssp126,0,0,1
1959-03-01 12:00:00,ssp585,0,0,0
1959-03-01 12:00:00,ssp245,0,0,1
1959-03-01 12:00:00,ssp370,0,0,1
1959-06-01 12:00:00,ssp245,3,7,12
1959-06-01 12:00:00,ssp585,2,7,13
1959-06-01 12:00:00,ssp126,2,7,12
1959-06-01 12:00:00,ssp370,3,6,12
1959-09-01 12:00:00,ssp585,0,0,3
1959-09-01 12:00:00,ssp126,0,0,2
1959-09-01 12:00:00,ssp370,0,0,3
1959-09-01 12:00:00,ssp245,0,0,3
1959-12-01 12:00:00,ssp245,0,0,0
1959-12-01 12:00:00,ssp126,0,0,0
1959-12-01 12:00:00,ssp370,0,0,0
1959-12-01 12:00:00,ssp585,0,0,0
1960-03-01 12:00:00,ssp245,0,0,0
1960-03-01 12:00:00,ssp126,0,0,0
1960-03-01 12:00:00,ssp370,0,0,0
1960-03-01 12:00:00,ssp585,0,0,0
1960-06-01 12:00:00,ssp585,2,7,15
1960-06-01 12:00:00,ssp370,2,8,15
1960-06-01 12:00:00,ssp126,2,7,14
1960-06-01 12:00:00,ssp245,2,8,15
1960-09-01 12:00:00,ssp370,0,0,1
1960-09-01 12:00:00,ssp585,0,0,1
1960-09-01 12:00:00,ssp245,0,0,1
1960-09-01 12:00:00,ssp126,0,0,1
1960-12-01 12:00:00,ssp245,0,0,0
1960-12-01 12:00:00,ssp585,0,0,0
1960-12-01 12:00:00,ssp126,0,0,0
1960-12-01 12:00:00,ssp370,0,0,0
1961-03-01 12:00:00,ssp126,0,0,1
1961-03-01 12:00:00,ssp585,0,0,1
1961-03-01 12:00:00,ssp370,0,0,1
1961-03-01 12:00:00,ssp245,0,0,0
1961-06-01 12:00:00,ssp126,4,8,18
1961-06-01 12:00:00,ssp370,4,8,17
1961-06-01 12:00:00,ssp585,4,8,17
1961-06-01 12:00:00,ssp245,4,8,17
1961-09-01 12:00:00,ssp370,0,0,2
1961-09-01 12:00:00,ssp245,0,0,2
1961-09-01 12:00:00,ssp126,0,0,2
1961-09-01 12:00:00,ssp585,0,0,2
1961-12-01 12:00:00,ssp585,0,0,0
1961-12-01 12:00:00,ssp370,0,0,0
1961-12-01 12:00:00,ssp126,0,0,0
1961-12-01 12:00:00,ssp245,0,0,0
1962-03-01 12:00:00,ssp585,0,0,0
1962-03-01 12:00:00,ssp245,0,0,0
1962-03-01 12:00:00,ssp126,0,0,0
1962-03-01 12:00:00,ssp370,0,0,0
1962-06-01 12:00:00,ssp585,3,8,15
1962-06-01 12:00:00,ssp126,3,9,15
1962-06-01 12:00:00,ssp245,4,9,15
1962-06-01 12:00:00,ssp370,4,9,15
1962-09-01 12:00:00,ssp245,0,0,1
1962-09-01 12:00:00,ssp585,0,0,1
1962-09-01 12:00:00,ssp126,0,0,1
1962-09-01 12:00:00,ssp370,0,0,1
1962-12-01 12:00:00,ssp370,0,0,0
1962-12-01 12:00:00,ssp245,0,0,0
1962-12-01 12:00:00,ssp585,0,0,0
1962-12-01 12:00:00,ssp126,0,0,0
1963-03-01 12:00:00,ssp370,0,0,0
1963-03-01 12:00:00,ssp245,0,0,0
1963-03-01 12:00:00,ssp585,0,0,0
1963-03-01 12:00:00,ssp126,0,0,0
1963-06-01 12:00:00,ssp585,4,8,15
1963-06-01 12:00:00,ssp245,4,8,15
1963-06-01 12:00:00,ssp126,4,8,15
1963-06-01 12:00:00,ssp370,4,8,15
1963-09-01 12:00:00,ssp126,0,0,1
1963-09-01 12:00:00,ssp585,0,0,1
1963-09-01 12:00:00,ssp370,0,0,1
1963-09-01 12:00:00,ssp245,0,0,1
1963-12-01 12:00:00,ssp245,0,0,0
1963-12-01 12:00:00,ssp585,0,0,0
1963-12-01 12:00:00,ssp126,0,0,0
1963-12-01 12:00:00,ssp370,0,0,0
1964-03-01 12:00:00,ssp126,0,0,1
1964-03-01 12:00:00,ssp370,0,0,0
1964-03-01 12:00:00,ssp585,0,0,0
1964-03-01 12:00:00,ssp245,0,0,0
1964-06-01 12:00:00,ssp585,3,6,11
1964-06-01 12:00:00,ssp370,3,7,11
1964-06-01 12:00:00,ssp126,3,7,12
1964-06-01 12:00:00,ssp245,4,7,12
1964-09-01 12:00:00,ssp585,0,0,2
1964-09-01 12:00:00,ssp370,0,0,2
1964-09-01 12:00:00,ssp245,0,0,2
1964-09-01 12:00:00,ssp126,0,0,2
1964-12-01 12:00:00,ssp245,0,0,0
1964-12-01 12:00:00,ssp585,0,0,0
1964-12-01 12:00:00,ssp370,0,0,0
1964-12-01 12:00:00,ssp126,0,0,0
1965-03-01 12:00:00,ssp370,0,0,0
1965-03-01 12:00:00,ssp585,0,0,0
1965-03-01 12:00:00,ssp245,0,0,0
1965-03-01 12:00:00,ssp126,0,0,0
1965-06-01 12:00:00,ssp370,3,6,13
1965-06-01 12:00:00,ssp585,3,6,14
1965-06-01 12:00:00,ssp245,3,6,13
1965-06-01 12:00:00,ssp126,3,6,14
1965-09-01 12:00:00,ssp370,0,0,1
1965-09-01 12:00:00,ssp126,0,0,2
1965-09-01 12:00:00,ssp585,0,0,1
1965-09-01 12:00:00,ssp245,0,0,1
1965-12-01 12:00:00,ssp245,0,0,0
1965-12-01 12:00:00,ssp370,0,0,0
1965-12-01 12:00:00,ssp126,0,0,0
1965-12-01 12:00:00,ssp585,0,0,0
1966-03-01 12:00:00,ssp370,0,0,1
1966-03-01 12:00:00,ssp126,0,0,0
1966-03-01 12:00:00,ssp585,0,0,0
1966-03-01 12:00:00,ssp245,0,0,0
1966-06-01 12:00:00,ssp126,2,6,10
1966-06-01 12:00:00,ssp370,2,5,10
1966-06-01 12:00:00,ssp585,1,5,10
1966-06-01 12:00:00,ssp245,2,6,10
1966-09-01 12:00:00,ssp585,0,0,1
1966-09-01 12:00:00,ssp370,0,0,2
1966-09-01 12:00:00,ssp126,0,0,1
1966-09-01 12:00:00,ssp245,0,0,2
1966-12-01 12:00:00,ssp370,0,0,0
1966-12-01 12:00:00,ssp245,0,0,0
1966-12-01 12:00:00,ssp126,0,0,0
1966-12-01 12:00:00,ssp585,0,0,0
1967-03-01 12:00:00,ssp245,0,0,0
1967-03-01 12:00:00,ssp126,0,0,0
1967-03-01 12:00:00,ssp585,0,0,0
1967-03-01 12:00:00,ssp370,0,0,0
1967-06-01 12:00:00,ssp126,3,6,11
1967-06-01 12:00:00,ssp245,3,6,11
1967-06-01 12:00:00,ssp585,3,6,11
1967-06-01 12:00:00,ssp370,3,7,12
1967-09-01 12:00:00,ssp245,0,0,2
1967-09-01 12:00:00,ssp585,0,0,2
1967-09-01 12:00:00,ssp126,0,0,2
1967-09-01 12:00:00,ssp370,0,0,2
1967-12-01 12:00:00,ssp585,0,0,0
1967-12-01 12:00:00,ssp245,0,0,0
1967-12-01 12:00:00,ssp126,0,0,0
1967-12-01 12:00:00,ssp370,0,0,0
1968-03-01 12:00:00,ssp370,0,0,1
1968-03-01 12:00:00,ssp585,0,0,1
1968-03-01 12:00:00,ssp245,0,0,0
1968-03-01 12:00:00,ssp126,0,0,1
1968-06-01 12:00:00,ssp370,2,6,12
1968-06-01 12:00:00,ssp585,1,7,13
1968-06-01 12:00:00,ssp126,1,6,13
1968-06-01 12:00:00,ssp245,1,6,13
1968-09-01 12:00:00,ssp370,0,0,2
1968-09-01 12:00:00,ssp585,0,0,2
1968-09-01 12:00:00,ssp126,0,0,2
1968-09-01 12:00:00,ssp245,0,0,2
1968-12-01 12:00:00,ssp585,0,0,0
1968-12-01 12:00:00,ssp126,0,0,0
1968-12-01 12:00:00,ssp245,0,0,0
1968-12-01 12:00:00,ssp370,0,0,0
1969-03-01 12:00:00,ssp585,0,0,0
1969-03-01 12:00:00,ssp370,0,0,0
1969-03-01 12:00:00,ssp126,0,0,0
1969-03-01 12:00:00,ssp245,0,0,0
1969-06-01 12:00:00,ssp126,1,5,11
1969-06-01 12:00:00,ssp585,1,5,12
1969-06-01 12:00:00,ssp370,1,5,12
1969-06-01 12:00:00,ssp245,1,5,12
1969-09-01 12:00:00,ssp245,0,0,3
1969-09-01 12:00:00,ssp585,0,0,3
1969-09-01 12:00:00,ssp126,0,0,2
1969-09-01 12:00:00,ssp370,0,0,2
1969-12-01 12:00:00,ssp370,0,0,0
1969-12-01 12:00:00,ssp585,0,0,0
1969-12-01 12:00:00,ssp245,0,0,0
1969-12-01 12:00:00,ssp126,0,0,0
1970-03-01 12:00:00,ssp585,0,0,0
1970-03-01 12:00:00,ssp126,0,0,0
1970-03-01 12:00:00,ssp245,0,0,0
1970-03-01 12:00:00,ssp370,0,0,0
1970-06-01 12:00:00,ssp370,4,7,11
1970-06-01 12:00:00,ssp126,3,8,11
1970-06-01 12:00:00,ssp245,3,8,11
1970-06-01 12:00:00,ssp585,2,7,11
1970-09-01 12:00:00,ssp370,0,0,1
1970-09-01 12:00:00,ssp585,0,0,1
1970-09-01 12:00:00,ssp126,0,0,2
1970-09-01 12:00:00,ssp245,0,0,2
1970-12-01 12:00:00,ssp585,0,0,0
1970-12-01 12:00:00,ssp370,0,0,0
1970-12-01 12:00:00,ssp245,0,0,0
1970-12-01 12:00:00,ssp126,0,0,0
1971-03-01 12:00:00,ssp370,0,0,0
1971-03-01 12:00:00,ssp245,0,0,0
1971-03-01 12:00:00,ssp585,0,0,1
1971-03-01 12:00:00,ssp126,0,0,0
1971-06-01 12:00:00,ssp245,3,5,13
1971-06-01 12:00:00,ssp370,3,5,13
1971-06-01 12:00:00,ssp585,3,6,13
1971-06-01 12:00:00,ssp126,3,6,13
1971-09-01 12:00:00,ssp245,0,0,2
1971-09-01 12:00:00,ssp370,0,0,2
1971-09-01 12:00:00,ssp126,0,0,2
1971-09-01 12:00:00,ssp585,0,0,1
1971-12-01 12:00:00,ssp370,0,0,0
1971-12-01 12:00:00,ssp245,0,0,0
1971-12-01 12:00:00,ssp126,0,0,0
1971-12-01 12:00:00,ssp585,0,0,0
1972-03-01 12:00:00,ssp370,0,0,0
1972-03-01 12:00:00,ssp126,0,0,0
1972-03-01 12:00:00,ssp245,0,0,0
1972-03-01 12:00:00,ssp585,0,0,0
1972-06-01 12:00:00,ssp585,4,8,14
1972-06-01 12:00:00,ssp126,4,8,14
1972-06-01 12:00:00,ssp370,4,8,13
1972-06-01 12:00:00,ssp245,4,8,14
1972-09-01 12:00:00,ssp370,0,0,1
1972-09-01 12:00:00,ssp585,0,0,1
1972-09-01 12:00:00,ssp126,0,0,1
1972-09-01 12:00:00,ssp245,0,0,1
1972-12-01 12:00:00,ssp126,0,0,0
1972-12-01 12:00:00,ssp245,0,0,0
1972-12-01 12:00:00,ssp585,0,0,0
1972-12-01 12:00:00,ssp370,0,0,0
1973-03-01 12:00:00,ssp126,0,0,0
1973-03-01 12:00:00,ssp245,0,0,0
1973-03-01 12:00:00,ssp370,0,0,0
1973-03-01 12:00:00,ssp585,0,0,0
1973-06-01 12:00:00,ssp126,1,6,17
1973-06-01 12:00:00,ssp585,1,6,18
1973-06-01 12:00:00,ssp370,1,7,17
1973-06-01 12:00:00,ssp245,1,6,17
1973-09-01 12:00:00,ssp585,0,0,2
1973-09-01 12:00:00,ssp126,0,0,2
1973-09-01 12:00:00,ssp245,0,0,2
1973-09-01 12:00:00,ssp370,0,0,2
1973-12-01 12:00:00,ssp585,0,0,0
1973-12-01 12:00:00,ssp126,0,0,0
1973-12-01 12:00:00,ssp370,0,0,0
1973-12-01 12:00:00,ssp245,0,0,0
1974-03-01 12:00:00,ssp126,0,0,1
1974-03-01 12:00:00,ssp585,0,0,1
1974-03-01 12:00:00,ssp370,0,0,0
1974-03-01 12:00:00,ssp245,0,0,0
1974-06-01 12:00:00,ssp245,1,5,12
1974-06-01 12:00:00,ssp126,1,5,12
1974-06-01 12:00:00,ssp370,1,5,12
1974-06-01 12:00:00,ssp585,1,5,12
1974-09-01 12:00:00,ssp245,0,0,2
1974-09-01 12:00:00,ssp370,0,0,2
1974-09-01 12:00:00,ssp585,0,0,2
1974-09-01 12:00:00,ssp126,0,0,2
1974-12-01 12:00:00,ssp585,0,0,0
1974-12-01 12:00:00,ssp245,0,0,0
1974-12-01 12:00:00,ssp370,0,0,0
1974-12-01 12:00:00,ssp126,0,0,0
1975-03-01 12:00:00,ssp245,0,0,0
1975-03-01 12:00:00,ssp585,0,0,0
1975-03-01 12:00:00,ssp126,0,0,0
1975-03-01 12:00:00,ssp370,0,0,0
1975-06-01 12:00:00,ssp370,2,9,14
1975-06-01 12:00:00,ssp245,2,10,13
1975-06-01 12:00:00,ssp585,2,9,14
1975-06-01 12:00:00,ssp126,2,9,13
1975-09-01 12:00:00,ssp370,0,0,1
1975-09-01 12:00:00,ssp245,0,0,2
1975-09-01 12:00:00,ssp585,0,0,2
1975-09-01 12:00:00,ssp126,0,0,2
1975-12-01 12:00:00,ssp370,0,0,0
1975-12-01 12:00:00,ssp585,0,0,0
1975-12-01 12:00:00,ssp126,0,0,0
1975-12-01 12:00:00,ssp245,0,0,0
1976-03-01 12:00:00,ssp585,0,0,0
1976-03-01 12:00:00,ssp245,0,0,0
1976-03-01 12:00:00,ssp370,0,0,0
1976-03-01 12:00:00,ssp126,0,0,0
1976-06-01 12:00:00,ssp126,3,7,16
1976-06-01 12:00:00,ssp585,3,7,16
1976-06-01 12:00:00,ssp245,3,8,15
1976-06-01 12:00:00,ssp370,3,8,15
1976-09-01 12:00:00,ssp126,0,0,2
1976-09-01 12:00:00,ssp585,0,0,2
1976-09-01 12:00:00,ssp245,0,0,1
1976-09-01 12:00:00,ssp370,0,0,2
1976-12-01 12:00:00,ssp126,0,0,0
1976-12-01 12:00:00,ssp245,0,0,0
1976-12-01 12:00:00,ssp370,0,0,0
1976-12-01 12:00:00,ssp585,0,0,0
1977-03-01 12:00:00,ssp585,0,0,1
1977-03-01 12:00:00,ssp245,0,0,1
1977-03-01 12:00:00,ssp126,0,0,0
1977-03-01 12:00:00,ssp370,0,0,1
1977-06-01 12:00:00,ssp370,3,7,13
1977-06-01 12:00:00,ssp585,3,8,14
1977-06-01 12:00:00,ssp126,3,8,13
1977-06-01 12:00:00,ssp245,3,7,14
1977-09-01 12:00:00,ssp370,0,0,1
1977-09-01 12:00:00,ssp585,0,0,1
1977-09-01 12:00:00,ssp126,0,0,0
1977-09-01 12:00:00,ssp245,0,0,1
1977-12-01 12:00:00,ssp126,0,0,0
1977-12-01 12:00:00,ssp370,0,0,0
1977-12-01 12:00:00,ssp585,0,0,0
1977-12-01 12:00:00,ssp245,0,0,0
1978-03-01 12:00:00,ssp370,0,0,0
1978-03-01 12:00:00,ssp585,0,0,0
1978-03-01 12:00:00,ssp126,0,0,0
1978-03-01 12:00:00,ssp245,0,0,0
1978-06-01 12:00:00,ssp370,4,8,14
1978-06-01 12:00:00,ssp585,4,8,14
1978-06-01 12:00:00,ssp126,4,8,14
1978-06-01 12:00:00,ssp245,4,9,14
1978-09-01 12:00:00,ssp245,0,0,1
1978-09-01 12:00:00,ssp370,0,0,1
1978-09-01 12:00:00,ssp585,0,0,1
1978-09-01 12:00:00,ssp126,0,0,2
1978-12-01 12:00:00,ssp245,0,0,0
1978-12-01 12:00:00,ssp126,0,0,0
1978-12-01 12:00:00,ssp370,0,0,0
1978-12-01 12:00:00,ssp585,0,0,0
1979-03-01 12:00:00,ssp585,0,0,0
1979-03-01 12:00:00,ssp370,0,0,0
1979-03-01 12:00:00,ssp245,0,0,0
1979-03-01 12:00:00,ssp126,0,0,0
1979-06-01 12:00:00,ssp245,4,9,13
1979-06-01 12:00:00,ssp370,3,10,14
1979-06-01 12:00:00,ssp126,3,10,14
1979-06-01 12:00:00,ssp585,3,10,15
1979-09-01 12:00:00,ssp245,0,0,1
1979-09-01 12:00:00,ssp585,0,0,1
1979-09-01 12:00:00,ssp126,0,0,1
1979-09-01 12:00:00,ssp370,0,0,1
1979-12-01 12:00:00,ssp370,0,0,0
1979-12-01 12:00:00,ssp585,0,0,0
1979-12-01 12:00:00,ssp126,0,0,0
1979-12-01 12:00:00,ssp245,0,0,0
1980-03-01 12:00:00,ssp245,0,0,0
1980-03-01 12:00:00,ssp370,0,0,0
1980-03-01 12:00:00,ssp585,0,0,0
1980-03-01 12:00:00,ssp126,0,0,1
1980-06-01 12:00:00,ssp370,3,9,15
1980-06-01 12:00:00,ssp585,3,9,15
1980-06-01 12:00:00,ssp126,3,9,16
1980-06-01 12:00:00,ssp245,3,10,15
1980-09-01 12:00:00,ssp126,0,0,2
1980-09-01 12:00:00,ssp245,0,0,2
1980-09-01 12:00:00,ssp370,0,0,2
1980-09-01 12:00:00,ssp585,0,0,2
1980-12-01 12:00:00,ssp245,0,0,0
1980-12-01 12:00:00,ssp126,0,0,0
1980-12-01 12:00:00,ssp370,0,0,0
1980-12-01 12:00:00,ssp585,0,0,0
1981-03-01 12:00:00,ssp245,0,0,1
1981-03-01 12:00:00,ssp370,0,0,0
1981-03-01 12:00:00,ssp585,0,0,0
1981-03-01 12:00:00,ssp126,0,0,1
1981-06-01 12:00:00,ssp370,2,8,15
1981-06-01 12:00:00,ssp126,3,9,14
1981-06-01 12:00:00,ssp585,3,8,14
1981-06-01 12:00:00,ssp245,3,9,14
1981-09-01 12:00:00,ssp585,0,0,3
1981-09-01 12:00:00,ssp245,0,0,3
1981-09-01 12:00:00,ssp126,0,0,2
1981-09-01 12:00:00,ssp370,0,0,3
1981-12-01 12:00:00,ssp245,0,0,0
1981-12-01 12:00:00,ssp585,0,0,0
1981-12-01 12:00:00,ssp126,0,0,0
1981-12-01 12:00:00,ssp370,0,0,0
1982-03-01 12:00:00,ssp126,0,0,0
1982-03-01 12:00:00,ssp370,0,0,0
1982-03-01 12:00:00,ssp245,0,0,0
1982-03-01 12:00:00,ssp585,0,0,0
1982-06-01 12:00:00,ssp126,2,6,10
1982-06-01 12:00:00,ssp370,2,6,10
1982-06-01 12:00:00,ssp245,2,6,10
1982-06-01 12:00:00,ssp585,2,6,10
1982-09-01 12:00:00,ssp585,0,0,1
1982-09-01 12:00:00,ssp126,0,0,1
1982-09-01 12:00:00,ssp370,0,0,1
1982-09-01 12:00:00,ssp245,0,0,1
1982-12-01 12:00:00,ssp245,0,0,0
1982-12-01 12:00:00,ssp585,0,0,0
1982-12-01 12:00:00,ssp370,0,0,0
1982-12-01 12:00:00,ssp126,0,0,0
1983-03-01 12:00:00,ssp585,0,0,0
1983-03-01 12:00:00,ssp126,0,0,0
1983-03-01 12:00:00,ssp370,0,0,0
1983-03-01 12:00:00,ssp245,0,0,0
1983-06-01 12:00:00,ssp585,1,7,15
1983-06-01 12:00:00,ssp245,1,7,14
1983-06-01 12:00:00,ssp126,1,7,13
1983-06-01 12:00:00,ssp370,1,7,15
1983-09-01 12:00:00,ssp126,0,0,3
1983-09-01 12:00:00,ssp245,0,0,3
1983-09-01 12:00:00,ssp585,0,0,3
1983-09-01 12:00:00,ssp370,0,0,3
1983-12-01 12:00:00,ssp126,0,0,0
1983-12-01 12:00:00,ssp245,0,0,0
1983-12-01 12:00:00,ssp585,0,0,0
1983-12-01 12:00:00,ssp370,0,0,0
1984-03-01 12:00:00,ssp370,0,0,0
1984-03-01 12:00:00,ssp585,0,0,0
1984-03-01 12:00:00,ssp126,0,0,0
1984-03-01 12:00:00,ssp245,0,0,0
1984-06-01 12:00:00,ssp370,2,7,12
1984-06-01 12:00:00,ssp126,2,7,11
1984-06-01 12:00:00,ssp585,2,6,11
1984-06-01 12:00:00,ssp245,2,6,12
1984-09-01 12:00:00,ssp370,0,0,1
1984-09-01 12:00:00,ssp126,0,0,2
1984-09-01 12:00:00,ssp585,0,0,1
1984-09-01 12:00:00,ssp245,0,0,1
1984-12-01 12:00:00,ssp245,0,0,0
1984-12-01 12:00:00,ssp370,0,0,0
1984-12-01 12:00:00,ssp126,0,0,0
1984-12-01 12:00:00,ssp585,0,0,0
1985-03-01 12:00:00,ssp245,0,0,1
1985-03-01 12:00:00,ssp585,0,0,1
1985-03-01 12:00:00,ssp370,0,0,1
1985-03-01 12:00:00,ssp126,0,0,1
1985-06-01 12:00:00,ssp126,1,7,14
1985-06-01 12:00:00,ssp585,2,7,14
1985-06-01 12:00:00,ssp370,1,7,14
1985-06-01 12:00:00,ssp245,2,7,15
1985-09-01 12:00:00,ssp126,0,0,1
1985-09-01 12:00:00,ssp370,0,0,2
1985-09-01 12:00:00,ssp585,0,0,2
1985-09-01 12:00:00,ssp245,0,0,2
1985-12-01 12:00:00,ssp245,0,0,0
1985-12-01 12:00:00,ssp585,0,0,0
1985-12-01 12:00:00,ssp126,0,0,0
1985-12-01 12:00:00,ssp370,0,0,0
1986-03-01 12:00:00,ssp126,0,0,0
1986-03-01 12:00:00,ssp370,0,0,0
1986-03-01 12:00:00,ssp245,0,0,0
1986-03-01 12:00:00,ssp585,0,0,0
1986-06-01 12:00:00,ssp585,2,8,15
1986-06-01 12:00:00,ssp245,2,8,14
1986-06-01 12:00:00,ssp126,2,8,15
1986-06-01 12:00:00,ssp370,2,8,15
1986-09-01 12:00:00,ssp245,0,0,1
1986-09-01 12:00:00,ssp370,0,0,1
1986-09-01 12:00:00,ssp126,0,0,1
1986-09-01 12:00:00,ssp585,0,0,1
1986-12-01 12:00:00,ssp245,0,0,0
1986-12-01 12:00:00,ssp370,0,0,0
1986-12-01 12:00:00,ssp126,0,0,0
1986-12-01 12:00:00,ssp585,0,0,0
1987-03-01 12:00:00,ssp585,0,0,0
1987-03-01 12:00:00,ssp370,0,0,0
1987-03-01 12:00:00,ssp126,0,0,0
1987-03-01 12:00:00,ssp245,0,0,0
1987-06-01 12:00:00,ssp585,4,8,17
1987-06-01 12:00:00,ssp126,4,8,16
1987-06-01 12:00:00,ssp245,4,8,16
1987-06-01 12:00:00,ssp370,4,8,17
1987-09-01 12:00:00,ssp126,0,0,2
1987-09-01 12:00:00,ssp245,0,0,2
1987-09-01 12:00:00,ssp370,0,0,2
1987-09-01 12:00:00,ssp585,0,0,2
1987-12-01 12:00:00,ssp126,0,0,0
1987-12-01 12:00:00,ssp585,0,0,0
1987-12-01 12:00:00,ssp245,0,0,0
1987-12-01 12:00:00,ssp370,0,0,0
1988-03-01 12:00:00,ssp370,0,0,1
1988-03-01 12:00:00,ssp585,0,0,0
1988-03-01 12:00:00,ssp245,0,0,1
1988-03-01 12:00:00,ssp126,0,0,1
1988-06-01 12:00:00,ssp370,6,10,18
1988-06-01 12:00:00,ssp245,6,10,18
1988-06-01 12:00:00,ssp126,6,10,18
1988-06-01 12:00:00,ssp585,6,10,17
1988-09-01 12:00:00,ssp245,0,0,1
1988-09-01 12:00:00,ssp585,0,0,1
1988-09-01 12:00:00,ssp126,0,0,1
1988-09-01 12:00:00,ssp370,0,0,2
1988-12-01 12:00:00,ssp585,0,0,0
1988-12-01 12:00:00,ssp126,0,0,0
1988-12-01 12:00:00,ssp370,0,0,0
1988-12-01 12:00:00,ssp245,0,0,0
1989-03-01 12:00:00,ssp245,0,0,1
1989-03-01 12:00:00,ssp126,0,0,1
1989-03-01 12:00:00,ssp370,0,0,1
1989-03-01 12:00:00,ssp585,0,0,1
1989-06-01 12:00:00,ssp585,5,10,18
1989-06-01 12:00:00,ssp245,4,10,17
1989-06-01 12:00:00,ssp370,5,10,17
1989-06-01 12:00:00,ssp126,4,10,17
1989-09-01 12:00:00,ssp126,0,0,1
1989-09-01 12:00:00,ssp245,0,0,1
1989-09-01 12:00:00,ssp585,0,0,1
1989-09-01 12:00:00,ssp370,0,0,1
1989-12-01 12:00:00,ssp245,0,0,0
1989-12-01 12:00:00,ssp126,0,0,0
1989-12-01 12:00:00,ssp370,0,0,0
1989-12-01 12:00:00,ssp585,0,0,0
1990-03-01 12:00:00,ssp245,0,0,0
1990-03-01 12:00:00,ssp585,0,0,1
1990-03-01 12:00:00,ssp126,0,0,1
1990-03-01 12:00:00,ssp370,0,0,0
1990-06-01 12:00:00,ssp245,4,10,19
1990-06-01 12:00:00,ssp585,5,10,19
1990-06-01 12:00:00,ssp370,5,10,19
1990-06-01 12:00:00,ssp126,4,10,18
1990-09-01 12:00:00,ssp126,0,0,2
1990-09-01 12:00:00,ssp585,0,0,2
1990-09-01 12:00:00,ssp370,0,0,2
1990-09-01 12:00:00,ssp245,0,0,2
1990-12-01 12:00:00,ssp585,0,0,0
1990-12-01 12:00:00,ssp370,0,0,0
1990-12-01 12:00:00,ssp126,0,0,0
1990-12-01 12:00:00,ssp245,0,0,0
1991-03-01 12:00:00,ssp370,0,0,0
1991-03-01 12:00:00,ssp126,0,0,0
1991-03-01 12:00:00,ssp245,0,0,1
1991-03-01 12:00:00,ssp585,0,0,1
1991-06-01 12:00:00,ssp585,3,8,18
1991-06-01 12:00:00,ssp370,3,8,18
1991-06-01 12:00:00,ssp245,3,9,18
1991-06-01 12:00:00,ssp126,2,8,17
1991-09-01 12:00:00,ssp126,0,0,2
1991-09-01 12:00:00,ssp585,0,0,2
1991-09-01 12:00:00,ssp370,0,0,2
1991-09-01 12:00:00,ssp245,0,0,2
1991-12-01 12:00:00,ssp585,0,0,0
1991-12-01 12:00:00,ssp370,0,0,0
1991-12-01 12:00:00,ssp245,0,0,0
1991-12-01 12:00:00,ssp126,0,0,0
1992-03-01 12:00:00,ssp585,0,0,0
1992-03-01 12:00:00,ssp370,0,0,0
1992-03-01 12:00:00,ssp126,0,0,0
1992-03-01 12:00:00,ssp245,0,0,0
1992-06-01 12:00:00,ssp585,2,5,14
1992-06-01 12:00:00,ssp245,2,5,14
1992-06-01 12:00:00,ssp370,2,5,14
1992-06-01 12:00:00,ssp126,1,6,13
1992-09-01 12:00:00,ssp585,0,0,1
1992-09-01 12:00:00,ssp245,0,0,1
1992-09-01 12:00:00,ssp370,0,0,1
1992-09-01 12:00:00,ssp126,0,0,1
1992-12-01 12:00:00,ssp370,0,0,0
1992-12-01 12:00:00,ssp126,0,0,0
1992-12-01 12:00:00,ssp245,0,0,0
1992-12-01 12:00:00,ssp585,0,0,0
1993-03-01 12:00:00,ssp126,0,0,0
1993-03-01 12:00:00,ssp245,0,0,0
1993-03-01 12:00:00,ssp585,0,0,0
1993-03-01 12:00:00,ssp370,0,0,1
1993-06-01 12:00:00,ssp585,3,8,13
1993-06-01 12:00:00,ssp245,3,8,13
1993-06-01 12:00:00,ssp370,3,8,14
1993-06-01 12:00:00,ssp126,2,8,13
1993-09-01 12:00:00,ssp126,0,0,2
1993-09-01 12:00:00,ssp245,0,0,2
1993-09-01 12:00:00,ssp585,0,0,2
1993-09-01 12:00:00,ssp370,0,0,2
1993-12-01 12:00:00,ssp126,0,0,0
1993-12-01 12:00:00,ssp370,0,0,0
1993-12-01 12:00:00,ssp245,0,0,0
1993-12-01 12:00:00,ssp585,0,0,0
1994-03-01 12:00:00,ssp585,0,0,0
1994-03-01 12:00:00,ssp245,0,0,0
1994-03-01 12:00:00,ssp126,0,0,0
1994-03-01 12:00:00,ssp370,0,0,0
1994-06-01 12:00:00,ssp370,5,10,18
1994-06-01 12:00:00,ssp585,5,10,19
1994-06-01 12:00:00,ssp126,5,10,18
1994-06-01 12:00:00,ssp245,6,10,18
1994-09-01 12:00:00,ssp370,0,0,2
1994-09-01 12:00:00,ssp126,0,0,2
1994-09-01 12:00:00,ssp245,0,0,2
1994-09-01 12:00:00,ssp585,0,0,2
1994-12-01 12:00:00,ssp245,0,0,0
1994-12-01 12:00:00,ssp370,0,0,0
1994-12-01 12:00:00,ssp585,0,0,0
1994-12-01 12:00:00,ssp126,0,0,0
1995-03-01 12:00:00,ssp126,0,0,0
1995-03-01 12:00:00,ssp245,0,0,0
1995-03-01 12:00:00,ssp585,0,0,0
1995-03-01 12:00:00,ssp370,0,0,0
1995-06-01 12:00:00,ssp585,3,12,17
1995-06-01 12:00:00,ssp370,3,12,17
1995-06-01 12:00:00,ssp126,2,12,17
1995-06-01 12:00:00,ssp245,2,12,16
1995-09-01 12:00:00,ssp245,0,0,2
1995-09-01 12:00:00,ssp126,0,0,2
1995-09-01 12:00:00,ssp370,0,0,2
1995-09-01 12:00:00,ssp585,0,0,2
1995-12-01 12:00:00,ssp245,0,0,0
1995-12-01 12:00:00,ssp126,0,0,0
1995-12-01 12:00:00,ssp370,0,0,0
1995-12-01 12:00:00,ssp585,0,0,0
1996-03-01 12:00:00,ssp370,0,0,0
1996-03-01 12:00:00,ssp245,0,0,0
1996-03-01 12:00:00,ssp585,0,0,0
1996-03-01 12:00:00,ssp126,0,0,0
1996-06-01 12:00:00,ssp126,4,10,18
1996-06-01 12:00:00,ssp370,4,10,18
1996-06-01 12:00:00,ssp245,4,10,18
1996-06-01 12:00:00,ssp585,4,10,18
1996-09-01 12:00:00,ssp585,0,0,2
1996-09-01 12:00:00,ssp126,0,0,2
1996-09-01 12:00:00,ssp245,0,0,2
1996-09-01 12:00:00,ssp370,0,0,2
1996-12-01 12:00:00,ssp245,0,0,0
1996-12-01 12:00:00,ssp370,0,0,0
1996-12-01 12:00:00,ssp126,0,0,0
1996-12-01 12:00:00,ssp585,0,0,0
1997-03-01 12:00:00,ssp585,0,0,2
1997-03-01 12:00:00,ssp126,0,0,1
1997-03-01 12:00:00,ssp370,0,0,2
1997-03-01 12:00:00,ssp245,0,0,2
1997-06-01 12:00:00,ssp585,5,11,21
1997-06-01 12:00:00,ssp370,6,11,21
1997-06-01 12:00:00,ssp126,5,10,21
1997-06-01 12:00:00,ssp245,6,11,21
1997-09-01 12:00:00,ssp126,0,0,1
1997-09-01 12:00:00,ssp245,0,0,1
1997-09-01 12:00:00,ssp370,0,0,2
1997-09-01 12:00:00,ssp585,0,0,2
1997-12-01 12:00:00,ssp245,0,0,0
1997-12-01 12:00:00,ssp126,0,0,0
1997-12-01 12:00:00,ssp585,0,0,0
1997-12-01 12:00:00,ssp370,0,0,0
1998-03-01 12:00:00,ssp370,0,0,1
1998-03-01 12:00:00,ssp585,0,0,1
1998-03-01 12:00:00,ssp126,0,0,1
1998-03-01 12:00:00,ssp245,0,0,0
1998-06-01 12:00:00,ssp245,4,10,19
1998-06-01 12:00:00,ssp126,4,10,19
1998-06-01 12:00:00,ssp370,4,10,20
1998-06-01 12:00:00,ssp585,4,10,18
1998-09-01 12:00:00,ssp585,0,0,1
1998-09-01 12:00:00,ssp370,0,0,1
1998-09-01 12:00:00,ssp126,0,0,1
1998-09-01 12:00:00,ssp245,0,0,1
1998-12-01 12:00:00,ssp585,0,0,0
1998-12-01 12:00:00,ssp126,0,0,0
1998-12-01 12:00:00,ssp370,0,0,0
1998-12-01 12:00:00,ssp245,0,0,0
1999-03-01 12:00:00,ssp126,0,0,0
1999-03-01 12:00:00,ssp370,0,0,1
1999-03-01 12:00:00,ssp245,0,0,0
1999-03-01 12:00:00,ssp585,0,0,0
1999-06-01 12:00:00,ssp245,8,14,23
1999-06-01 12:00:00,ssp370,8,14,22
1999-06-01 12:00:00,ssp126,8,14,22
1999-06-01 12:00:00,ssp585,7,14,23
1999-09-01 12:00:00,ssp245,0,0,3
1999-09-01 12:00:00,ssp126,0,0,3
1999-09-01 12:00:00,ssp370,0,0,3
1999-09-01 12:00:00,ssp585,0,0,3
1999-12-01 12:00:00,ssp126,0,0,0
1999-12-01 12:00:00,ssp370,0,0,0
1999-12-01 12:00:00,ssp245,0,0,0
1999-12-01 12:00:00,ssp585,0,0,0
2000-03-01 12:00:00,ssp126,0,0,2
2000-03-01 12:00:00,ssp245,0,0,1
2000-03-01 12:00:00,ssp585,0,0,1
2000-03-01 12:00:00,ssp370,0,0,1
2000-06-01 12:00:00,ssp126,5,14,22
2000-06-01 12:00:00,ssp245,5,14,22
2000-06-01 12:00:00,ssp585,6,15,22
2000-06-01 12:00:00,ssp370,6,15,23
2000-09-01 12:00:00,ssp126,0,0,2
2000-09-01 12:00:00,ssp245,0,0,2
2000-09-01 12:00:00,ssp585,0,0,2
2000-09-01 12:00:00,ssp370,0,0,2
2000-12-01 12:00:00,ssp126,0,0,0
2000-12-01 12:00:00,ssp585,0,0,0
2000-12-01 12:00:00,ssp370,0,0,0
2000-12-01 12:00:00,ssp245,0,0,0
2001-03-01 12:00:00,ssp585,0,0,1
2001-03-01 12:00:00,ssp126,0,0,1
2001-03-01 12:00:00,ssp245,0,0,1
2001-03-01 12:00:00,ssp370,0,0,1
2001-06-01 12:00:00,ssp585,9,12,20
2001-06-01 12:00:00,ssp126,8,11,20
2001-06-01 12:00:00,ssp245,8,12,19
2001-06-01 12:00:00,ssp370,8,12,19
2001-09-01 12:00:00,ssp370,0,0,3
2001-09-01 12:00:00,ssp126,0,0,3
2001-09-01 12:00:00,ssp245,0,0,3
2001-09-01 12:00:00,ssp585,0,0,3
2001-12-01 12:00:00,ssp245,0,0,0
2001-12-01 12:00:00,ssp585,0,0,0
2001-12-01 12:00:00,ssp126,0,0,0
2001-12-01 12:00:00,ssp370,0,0,0
2002-03-01 12:00:00,ssp370,0,0,1
2002-03-01 12:00:00,ssp245,0,0,1
2002-03-01 12:00:00,ssp585,0,0,0
2002-03-01 12:00:00,ssp126,0,0,0
2002-06-01 12:00:00,ssp370,7,10,22
2002-06-01 12:00:00,ssp245,6,11,22
2002-06-01 12:00:00,ssp585,7,11,22
2002-06-01 12:00:00,ssp126,7,10,22
2002-09-01 12:00:00,ssp370,0,0,3
2002-09-01 12:00:00,ssp126,0,0,3
2002-09-01 12:00:00,ssp585,0,0,3
2002-09-01 12:00:00,ssp245,0,0,3
2002-12-01 12:00:00,ssp585,0,0,0
2002-12-01 12:00:00,ssp126,0,0,0
2002-12-01 12:00:00,ssp245,0,0,0
2002-12-01 12:00:00,ssp370,0,0,0
2003-03-01 12:00:00,ssp370,0,0,0
2003-03-01 12:00:00,ssp585,0,0,0
2003-03-01 12:00:00,ssp245,0,0,0
2003-03-01 12:00:00,ssp126,0,0,1
2003-06-01 12:00:00,ssp585,5,12,22
2003-06-01 12:00:00,ssp126,5,12,23
2003-06-01 12:00:00,ssp245,6,11,23
2003-06-01 12:00:00,ssp370,5,12,22
2003-09-01 12:00:00,ssp370,0,0,2
2003-09-01 12:00:00,ssp126,0,0,2
2003-09-01 12:00:00,ssp245,0,0,1
2003-09-01 12:00:00,ssp585,0,0,2
2003-12-01 12:00:00,ssp245,0,0,0
2003-12-01 12:00:00,ssp126,0,0,0
2003-12-01 12:00:00,ssp585,0,0,0
2003-12-01 12:00:00,ssp370,0,0,0
2004-03-01 12:00:00,ssp245,0,0,1
2004-03-01 12:00:00,ssp370,0,0,1
2004-03-01 12:00:00,ssp126,0,0,1
2004-03-01 12:00:00,ssp585,0,0,1
2004-06-01 12:00:00,ssp370,6,13,23
2004-06-01 12:00:00,ssp585,6,12,23
2004-06-01 12:00:00,ssp126,6,12,24
2004-06-01 12:00:00,ssp245,6,12,23
2004-09-01 12:00:00,ssp126,0,0,3
2004-09-01 12:00:00,ssp370,0,0,3
2004-09-01 12:00:00,ssp585,0,0,2
2004-09-01 12:00:00,ssp245,0,0,3
2004-12-01 12:00:00,ssp585,0,0,0
2004-12-01 12:00:00,ssp126,0,0,0
2004-12-01 12:00:00,ssp370,0,0,0
2004-12-01 12:00:00,ssp245,0,0,0
2005-03-01 12:00:00,ssp585,0,0,1
2005-03-01 12:00:00,ssp370,0,0,1
2005-03-01 12:00:00,ssp245,0,0,1
2005-03-01 12:00:00,ssp126,0,0,0
2005-06-01 12:00:00,ssp585,9,16,24
2005-06-01 12:00:00,ssp370,8,16,23
2005-06-01 12:00:00,ssp126,9,15,23
2005-06-01 12:00:00,ssp245,9,16,23
2005-09-01 12:00:00,ssp585,0,0,3
2005-09-01 12:00:00,ssp126,0,0,3
2005-09-01 12:00:00,ssp370,0,0,3
2005-09-01 12:00:00,ssp245,0,0,3
2005-12-01 12:00:00,ssp245,0,0,0
2005-12-01 12:00:00,ssp585,0,0,0
2005-12-01 12:00:00,ssp126,0,0,0
2005-12-01 12:00:00,ssp370,0,0,0
2006-03-01 12:00:00,ssp245,0,0,1
2006-03-01 12:00:00,ssp585,0,0,0
2006-03-01 12:00:00,ssp370,0,0,0
2006-03-01 12:00:00,ssp126,0,0,1
2006-06-01 12:00:00,ssp585,8,13,26
2006-06-01 12:00:00,ssp126,7,14,26
2006-06-01 12:00:00,ssp370,8,14,25
2006-06-01 12:00:00,ssp245,8,14,26
2006-09-01 12:00:00,ssp126,0,0,2
2006-09-01 12:00:00,ssp245,0,0,2
2006-09-01 12:00:00,ssp370,0,0,2
2006-09-01 12:00:00,ssp585,0,0,2
2006-12-01 12:00:00,ssp370,0,0,0
2006-12-01 12:00:00,ssp126,0,0,0
2006-12-01 12:00:00,ssp245,0,0,0
2006-12-01 12:00:00,ssp585,0,0,0
2007-03-01 12:00:00,ssp245,0,0,0
2007-03-01 12:00:00,ssp370,0,0,0
2007-03-01 12:00:00,ssp585,0,0,0
2007-03-01 12:00:00,ssp126,0,0,0
2007-06-01 12:00:00,ssp245,9,12,19
2007-06-01 12:00:00,ssp370,8,12,18
2007-06-01 12:00:00,ssp585,8,12,18
2007-06-01 12:00:00,ssp126,8,12,19
2007-09-01 12:00:00,ssp370,0,1,3
2007-09-01 12:00:00,ssp126,0,1,3
2007-09-01 12:00:00,ssp245,0,1,3
2007-09-01 12:00:00,ssp585,0,1,2
2007-12-01 12:00:00,ssp585,0,0,0
2007-12-01 12:00:00,ssp245,0,0,0
2007-12-01 12:00:00,ssp370,0,0,0
2007-12-01 12:00:00,ssp126,0,0,0
2008-03-01 12:00:00,ssp585,0,0,1
2008-03-01 12:00:00,ssp370,0,0,2
2008-03-01 12:00:00,ssp126,0,0,1
2008-03-01 12:00:00,ssp245,0,0,1
2008-06-01 12:00:00,ssp370,9,15,21
2008-06-01 12:00:00,ssp585,8,16,20
2008-06-01 12:00:00,ssp126,9,14,21
2008-06-01 12:00:00,ssp245,8,15,21
2008-09-01 12:00:00,ssp370,0,0,2
2008-09-01 12:00:00,ssp585,0,0,1
2008-09-01 12:00:00,ssp245,0,0,1
2008-09-01 12:00:00,ssp126,0,0,1
2008-12-01 12:00:00,ssp126,0,0,0
2008-12-01 12:00:00,ssp585,0,0,0
2008-12-01 12:00:00,ssp245,0,0,0
2008-12-01 12:00:00,ssp370,0,0,0
2009-03-01 12:00:00,ssp126,0,0,2
2009-03-01 12:00:00,ssp245,0,0,2
2009-03-01 12:00:00,ssp585,0,0,2
2009-03-01 12:00:00,ssp370,0,0,2
2009-06-01 12:00:00,ssp126,10,16,24
2009-06-01 12:00:00,ssp585,8,16,24
2009-06-01 12:00:00,ssp370,9,16,24
2009-06-01 12:00:00,ssp245,9,16,25
2009-09-01 12:00:00,ssp126,0,0,2
2009-09-01 12:00:00,ssp585,0,0,2
2009-09-01 12:00:00,ssp370,0,0,2
2009-09-01 12:00:00,ssp245,0,0,1
2009-12-01 12:00:00,ssp370,0,0,0
2009-12-01 12:00:00,ssp585,0,0,0
2009-12-01 12:00:00,ssp245,0,0,0
2009-12-01 12:00:00,ssp126,0,0,0
2010-03-01 12:00:00,ssp370,0,0,1
2010-03-01 12:00:00,ssp585,0,0,1
2010-03-01 12:00:00,ssp245,0,0,1
2010-03-01 12:00:00,ssp126,0,0,1
2010-06-01 12:00:00,ssp126,7,14,25
2010-06-01 12:00:00,ssp370,6,14,24
2010-06-01 12:00:00,ssp585,6,14,26
2010-06-01 12:00:00,ssp245,6,15,25
2010-09-01 12:00:00,ssp245,0,0,3
2010-09-01 12:00:00,ssp126,0,0,3
2010-09-01 12:00:00,ssp370,0,0,2
2010-09-01 12:00:00,ssp585,0,0,3
2010-12-01 12:00:00,ssp245,0,0,0
2010-12-01 12:00:00,ssp585,0,0,0
2010-12-01 12:00:00,ssp126,0,0,0
2010-12-01 12:00:00,ssp370,0,0,0
2011-03-01 12:00:00,ssp585,0,0,0
2011-03-01 12:00:00,ssp126,0,0,1
2011-03-01 12:00:00,ssp245,0,0,0
2011-03-01 12:00:00,ssp370,0,0,0
2011-06-01 12:00:00,ssp126,5,14,23
2011-06-01 12:00:00,ssp585,6,12,24
2011-06-01 12:00:00,ssp245,6,13,24
2011-06-01 12:00:00,ssp370,6,13,24
2011-09-01 12:00:00,ssp585,0,0,3
2011-09-01 12:00:00,ssp370,0,0,3
2011-09-01 12:00:00,ssp126,0,0,4
2011-09-01 12:00:00,ssp245,0,0,3
2011-12-01 12:00:00,ssp126,0,0,0
2011-12-01 12:00:00,ssp585,0,0,0
2011-12-01 12:00:00,ssp370,0,0,0
2011-12-01 12:00:00,ssp245,0,0,0
2012-03-01 12:00:00,ssp126,0,0,0
2012-03-01 12:00:00,ssp585,0,0,0
2012-03-01 12:00:00,ssp245,0,0,0
2012-03-01 12:00:00,ssp370,0,0,1
2012-06-01 12:00:00,ssp585,5,13,27
2012-06-01 12:00:00,ssp245,5,14,25
2012-06-01 12:00:00,ssp370,6,14,24
2012-06-01 12:00:00,ssp126,7,13,25
2012-09-01 12:00:00,ssp126,0,1,3
2012-09-01 12:00:00,ssp245,0,1,3
2012-09-01 12:00:00,ssp585,0,0,3
2012-09-01 12:00:00,ssp370,0,1,4
2012-12-01 12:00:00,ssp126,0,0,0
2012-12-01 12:00:00,ssp370,0,0,0
2012-12-01 12:00:00,ssp585,0,0,0
2012-12-01 12:00:00,ssp245,0,0,0
2013-03-01 12:00:00,ssp370,0,0,1
2013-03-01 12:00:00,ssp585,0,0,1
2013-03-01 12:00:00,ssp126,0,0,2
2013-03-01 12:00:00,ssp245,0,0,1
2013-06-01 12:00:00,ssp585,8,12,26
2013-06-01 12:00:00,ssp245,7,12,26
2013-06-01 12:00:00,ssp126,8,12,26
2013-06-01 12:00:00,ssp370,8,12,26
2013-09-01 12:00:00,ssp370,0,0,2
2013-09-01 12:00:00,ssp126,0,0,2
2013-09-01 12:00:00,ssp245,0,0,2
2013-09-01 12:00:00,ssp585,0,0,3
2013-12-01 12:00:00,ssp370,0,0,0
2013-12-01 12:00:00,ssp245,0,0,0
2013-12-01 12:00:00,ssp585,0,0,0
2013-12-01 12:00:00,ssp126,0,0,0
2014-03-01 12:00:00,ssp126,0,0,2
2014-03-01 12:00:00,ssp370,0,0,2
2014-03-01 12:00:00,ssp245,0,0,2
2014-03-01 12:00:00,ssp585,0,0,2
2014-06-01 12:00:00,ssp126,8,15,24
2014-06-01 12:00:00,ssp245,7,16,25
2014-06-01 12:00:00,ssp585,7,16,22
2014-06-01 12:00:00,ssp370,7,15,25
2014-09-01 12:00:00,ssp245,0,0,2
2014-09-01 12:00:00,ssp585,0,0,2
2014-09-01 12:00:00,ssp370,0,0,2
2014-09-01 12:00:00,ssp126,0,0,2
2014-12-01 12:00:00,ssp126,0,0,0
2014-12-01 12:00:00,ssp585,0,0,0
2014-12-01 12:00:00,ssp245,0,0,0
2014-12-01 12:00:00,ssp370,0,0,0
2015-03-01 12:00:00,ssp370,0,0,1
2015-03-01 12:00:00,ssp245,0,0,2
2015-03-01 12:00:00,ssp585,0,0,0
2015-03-01 12:00:00,ssp126,0,0,2
2015-06-01 12:00:00,ssp245,11,18,30
2015-06-01 12:00:00,ssp370,11,16,24
2015-06-01 12:00:00,ssp585,7,18,34
2015-06-01 12:00:00,ssp126,10,17,28
2015-09-01 12:00:00,ssp245,0,0,3
2015-09-01 12:00:00,ssp126,0,1,3
2015-09-01 12:00:00,ssp585,0,0,2
2015-09-01 12:00:00,ssp370,0,0,4
2015-12-01 12:00:00,ssp370,0,0,0
2015-12-01 12:00:00,ssp585,0,0,0
2015-12-01 12:00:00,ssp126,0,0,0
2015-12-01 12:00:00,ssp245,0,0,0
2016-03-01 12:00:00,ssp126,0,0,0
2016-03-01 12:00:00,ssp585,0,0,2
2016-03-01 12:00:00,ssp245,0,0,0
2016-03-01 12:00:00,ssp370,0,0,1
2016-06-01 12:00:00,ssp126,6,17,23
2016-06-01 12:00:00,ssp245,9,16,26
2016-06-01 12:00:00,ssp585,9,17,28
2016-06-01 12:00:00,ssp370,6,15,29
2016-09-01 12:00:00,ssp245,0,0,4
2016-09-01 12:00:00,ssp585,0,1,2
2016-09-01 12:00:00,ssp370,0,1,2
2016-09-01 12:00:00,ssp126,0,1,4
2016-12-01 12:00:00,ssp370,0,0,0
2016-12-01 12:00:00,ssp126,0,0,0
2016-12-01 12:00:00,ssp585,0,0,0
2016-12-01 12:00:00,ssp245,0,0,0
2017-03-01 12:00:00,ssp370,0,0,0
2017-03-01 12:00:00,ssp585,0,0,1
2017-03-01 12:00:00,ssp245,0,0,1
2017-03-01 12:00:00,ssp126,0,0,2
2017-06-01 12:00:00,ssp585,10,16,25
2017-06-01 12:00:00,ssp245,9,17,22
2017-06-01 12:00:00,ssp370,11,18,25
2017-06-01 12:00:00,ssp126,7,15,26
2017-09-01 12:00:00,ssp126,0,1,3
2017-09-01 12:00:00,ssp585,0,1,3
2017-09-01 12:00:00,ssp245,0,1,2
2017-09-01 12:00:00,ssp370,0,0,1
2017-12-01 12:00:00,ssp245,0,0,0
2017-12-01 12:00:00,ssp370,0,0,0
2017-12-01 12:00:00,ssp585,0,0,0
2017-12-01 12:00:00,ssp126,0,0,0
2018-03-01 12:00:00,ssp585,0,0,0
2018-03-01 12:00:00,ssp126,0,0,2
2018-03-01 12:00:00,ssp370,0,0,2
2018-03-01 12:00:00,ssp245,0,0,1
2018-06-01 12:00:00,ssp126,7,14,23
2018-06-01 12:00:00,ssp370,8,16,28
2018-06-01 12:00:00,ssp585,7,13,23
2018-06-01 12:00:00,ssp245,11,18,25
2018-09-01 12:00:00,ssp126,0,0,3
2018-09-01 12:00:00,ssp370,0,1,3
2018-09-01 12:00:00,ssp585,0,0,2
2018-09-01 12:00:00,ssp245,0,2,6
2018-12-01 12:00:00,ssp585,0,0,0
2018-12-01 12:00:00,ssp245,0,0,0
2018-12-01 12:00:00,ssp370,0,0,0
2018-12-01 12:00:00,ssp126,0,0,0
2019-03-01 12:00:00,ssp370,0,0,2
2019-03-01 12:00:00,ssp245,0,0,0
2019-03-01 12:00:00,ssp585,0,0,1
2019-03-01 12:00:00,ssp126,0,0,1
2019-06-01 12:00:00,ssp585,10,19,27
2019-06-01 12:00:00,ssp245,9,20,26
2019-06-01 12:00:00,ssp126,10,18,26
2019-06-01 12:00:00,ssp370,7,15,24
2019-09-01 12:00:00,ssp245,0,0,3
2019-09-01 12:00:00,ssp126,0,0,3
2019-09-01 12:00:00,ssp370,0,0,2
2019-09-01 12:00:00,ssp585,0,1,4
2019-12-01 12:00:00,ssp585,0,0,0
2019-12-01 12:00:00,ssp245,0,0,0
2019-12-01 12:00:00,ssp126,0,0,0
2019-12-01 12:00:00,ssp370,0,0,0
2020-03-01 12:00:00,ssp585,0,0,1
2020-03-01 12:00:00,ssp370,0,0,2
2020-03-01 12:00:00,ssp245,0,0,1
2020-03-01 12:00:00,ssp126,0,0,1
2020-06-01 12:00:00,ssp245,10,18,30
2020-06-01 12:00:00,ssp585,8,13,26
2020-06-01 12:00:00,ssp370,9,16,24
2020-06-01 12:00:00,ssp126,11,17,26
2020-09-01 12:00:00,ssp126,0,0,5
2020-09-01 12:00:00,ssp370,0,0,2
2020-09-01 12:00:00,ssp245,0,1,3
2020-09-01 12:00:00,ssp585,0,2,4
2020-12-01 12:00:00,ssp370,0,0,0
2020-12-01 12:00:00,ssp126,0,0,0
2020-12-01 12:00:00,ssp585,0,0,0
2020-12-01 12:00:00,ssp245,0,0,0
2021-03-01 12:00:00,ssp370,0,0,2
2021-03-01 12:00:00,ssp585,0,0,1
2021-03-01 12:00:00,ssp245,0,0,1
2021-03-01 12:00:00,ssp126,0,0,3
2021-06-01 12:00:00,ssp126,8,17,34
2021-06-01 12:00:00,ssp370,10,21,28
2021-06-01 12:00:00,ssp245,9,16,27
2021-06-01 12:00:00,ssp585,11,19,26
2021-09-01 12:00:00,ssp585,0,0,3
2021-09-01 12:00:00,ssp126,0,1,3
2021-09-01 12:00:00,ssp370,0,1,4
2021-09-01 12:00:00,ssp245,0,0,4
2021-12-01 12:00:00,ssp585,0,0,0
2021-12-01 12:00:00,ssp370,0,0,0
2021-12-01 12:00:00,ssp245,0,0,0
2021-12-01 12:00:00,ssp126,0,0,0
2022-03-01 12:00:00,ssp585,0,0,2
2022-03-01 12:00:00,ssp245,0,0,2
2022-03-01 12:00:00,ssp126,0,0,1
2022-03-01 12:00:00,ssp370,0,0,1
2022-06-01 12:00:00,ssp585,8,16,34
2022-06-01 12:00:00,ssp126,8,15,28
2022-06-01 12:00:00,ssp245,9,18,28
2022-06-01 12:00:00,ssp370,8,16,27
2022-09-01 12:00:00,ssp585,0,1,3
2022-09-01 12:00:00,ssp245,0,1,5
2022-09-01 12:00:00,ssp126,0,1,3
2022-09-01 12:00:00,ssp370,0,0,3
2022-12-01 12:00:00,ssp370,0,0,0
2022-12-01 12:00:00,ssp126,0,0,0
2022-12-01 12:00:00,ssp245,0,0,0
2022-12-01 12:00:00,ssp585,0,0,0
2023-03-01 12:00:00,ssp370,0,0,3
2023-03-01 12:00:00,ssp126,0,0,1
2023-03-01 12:00:00,ssp245,0,0,1
2023-03-01 12:00:00,ssp585,0,0,1
2023-06-01 12:00:00,ssp370,11,20,29
2023-06-01 12:00:00,ssp126,12,22,32
2023-06-01 12:00:00,ssp245,9,17,38
2023-06-01 12:00:00,ssp585,12,19,32
2023-09-01 12:00:00,ssp126,0,0,3
2023-09-01 12:00:00,ssp585,0,1,3
2023-09-01 12:00:00,ssp245,0,1,3
2023-09-01 12:00:00,ssp370,0,0,3
2023-12-01 12:00:00,ssp126,0,0,0
2023-12-01 12:00:00,ssp370,0,0,0
2023-12-01 12:00:00,ssp585,0,0,0
2023-12-01 12:00:00,ssp245,0,0,0
2024-03-01 12:00:00,ssp585,0,0,1
2024-03-01 12:00:00,ssp126,0,0,2
2024-03-01 12:00:00,ssp245,0,0,2
2024-03-01 12:00:00,ssp370,0,0,1
2024-06-01 12:00:00,ssp370,11,19,26
2024-06-01 12:00:00,ssp245,7,16,30
2024-06-01 12:00:00,ssp126,11,20,32
2024-06-01 12:00:00,ssp585,11,19,31
2024-09-01 12:00:00,ssp585,0,0,4
2024-09-01 12:00:00,ssp370,0,0,4
2024-09-01 12:00:00,ssp126,0,1,3
2024-09-01 12:00:00,ssp245,0,1,5
2024-12-01 12:00:00,ssp370,0,0,0
2024-12-01 12:00:00,ssp126,0,0,0
2024-12-01 12:00:00,ssp585,0,0,0
2024-12-01 12:00:00,ssp245,0,0,0
2025-03-01 12:00:00,ssp245,0,0,1
2025-03-01 12:00:00,ssp126,0,0,1
2025-03-01 12:00:00,ssp585,0,0,2
2025-03-01 12:00:00,ssp370,0,0,1
2025-06-01 12:00:00,ssp126,11,17,31
2025-06-01 12:00:00,ssp370,14,21,32
2025-06-01 12:00:00,ssp245,12,18,32
2025-06-01 12:00:00,ssp585,9,19,30
2025-09-01 12:00:00,ssp126,0,0,2
2025-09-01 12:00:00,ssp370,0,2,5
2025-09-01 12:00:00,ssp245,0,1,4
2025-09-01 12:00:00,ssp585,0,0,2
2025-12-01 12:00:00,ssp585,0,0,0
2025-12-01 12:00:00,ssp370,0,0,0
2025-12-01 12:00:00,ssp245,0,0,0
2025-12-01 12:00:00,ssp126,0,0,0
2026-03-01 12:00:00,ssp370,0,0,2
2026-03-01 12:00:00,ssp245,0,0,1
2026-03-01 12:00:00,ssp126,0,0,2
2026-03-01 12:00:00,ssp585,0,0,1
2026-06-01 12:00:00,ssp126,9,19,28
2026-06-01 12:00:00,ssp370,11,24,32
2026-06-01 12:00:00,ssp585,10,24,35
2026-06-01 12:00:00,ssp245,10,20,29
2026-09-01 12:00:00,ssp585,0,1,5
2026-09-01 12:00:00,ssp245,0,1,3
2026-09-01 12:00:00,ssp126,0,1,2
2026-09-01 12:00:00,ssp370,0,1,3
2026-12-01 12:00:00,ssp126,0,0,0
2026-12-01 12:00:00,ssp585,0,0,0
2026-12-01 12:00:00,ssp370,0,0,0
2026-12-01 12:00:00,ssp245,0,0,0
2027-03-01 12:00:00,ssp370,0,0,2
2027-03-01 12:00:00,ssp585,0,0,3
2027-03-01 12:00:00,ssp245,0,0,2
2027-03-01 12:00:00,ssp126,0,0,1
2027-06-01 12:00:00,ssp585,11,20,30
2027-06-01 12:00:00,ssp370,10,18,34
2027-06-01 12:00:00,ssp126,12,20,33
2027-06-01 12:00:00,ssp245,8,22,34
2027-09-01 12:00:00,ssp370,0,0,3
2027-09-01 12:00:00,ssp585,0,0,4
2027-09-01 12:00:00,ssp126,0,2,4
2027-09-01 12:00:00,ssp245,0,1,4
2027-12-01 12:00:00,ssp245,0,0,0
2027-12-01 12:00:00,ssp126,0,0,0
2027-12-01 12:00:00,ssp370,0,0,0
2027-12-01 12:00:00,ssp585,0,0,0
2028-03-01 12:00:00,ssp245,0,0,1
2028-03-01 12:00:00,ssp585,0,0,1
2028-03-01 12:00:00,ssp126,0,0,2
2028-03-01 12:00:00,ssp370,0,0,1
2028-06-01 12:00:00,ssp370,13,20,32
2028-06-01 12:00:00,ssp585,10,22,35
2028-06-01 12:00:00,ssp126,9,19,42
2028-06-01 12:00:00,ssp245,12,21,32
2028-09-01 12:00:00,ssp370,0,1,5
2028-09-01 12:00:00,ssp585,0,1,4
2028-09-01 12:00:00,ssp126,0,1,3
2028-09-01 12:00:00,ssp245,0,0,4
2028-12-01 12:00:00,ssp370,0,0,0
2028-12-01 12:00:00,ssp585,0,0,0
2028-12-01 12:00:00,ssp126,0,0,0
2028-12-01 12:00:00,ssp245,0,0,0
2029-03-01 12:00:00,ssp585,0,0,3
2029-03-01 12:00:00,ssp370,0,0,2
2029-03-01 12:00:00,ssp245,0,0,2
2029-03-01 12:00:00,ssp126,0,0,2
2029-06-01 12:00:00,ssp370,12,20,31
2029-06-01 12:00:00,ssp585,10,23,34
2029-06-01 12:00:00,ssp126,7,23,40
2029-06-01 12:00:00,ssp245,12,23,38
2029-09-01 12:00:00,ssp126,0,0,3
2029-09-01 12:00:00,ssp245,0,1,5
2029-09-01 12:00:00,ssp585,0,1,3
2029-09-01 12:00:00,ssp370,0,1,3
2029-12-01 12:00:00,ssp370,0,0,0
2029-12-01 12:00:00,ssp245,0,0,0
2029-12-01 12:00:00,ssp585,0,0,0
2029-12-01 12:00:00,ssp126,0,0,0
2030-03-01 12:00:00,ssp370,0,0,0
2030-03-01 12:00:00,ssp126,0,0,3
2030-03-01 12:00:00,ssp585,0,0,1
2030-03-01 12:00:00,ssp245,0,0,3
2030-06-01 12:00:00,ssp370,10,18,33
2030-06-01 12:00:00,ssp585,11,22,37
2030-06-01 12:00:00,ssp245,12,22,33
2030-06-01 12:00:00,ssp126,13,22,30
2030-09-01 12:00:00,ssp126,0,1,4
2030-09-01 12:00:00,ssp370,0,1,4
2030-09-01 12:00:00,ssp585,0,0,4
2030-09-01 12:00:00,ssp245,0,1,2
2030-12-01 12:00:00,ssp126,0,0,0
2030-12-01 12:00:00,ssp585,0,0,0
2030-12-01 12:00:00,ssp245,0,0,0
2030-12-01 12:00:00,ssp370,0,0,0
2031-03-01 12:00:00,ssp585,0,0,1
2031-03-01 12:00:00,ssp245,0,0,2
2031-03-01 12:00:00,ssp126,0,0,2
2031-03-01 12:00:00,ssp370,0,1,3
2031-06-01 12:00:00,ssp245,10,20,31
2031-06-01 12:00:00,ssp126,13,20,31
2031-06-01 12:00:00,ssp370,12,22,35
2031-06-01 12:00:00,ssp585,11,22,39
2031-09-01 12:00:00,ssp370,0,2,6
2031-09-01 12:00:00,ssp126,0,0,5
2031-09-01 12:00:00,ssp245,0,1,5
2031-09-01 12:00:00,ssp585,0,1,3
2031-12-01 12:00:00,ssp245,0,0,0
2031-12-01 12:00:00,ssp585,0,0,0
2031-12-01 12:00:00,ssp126,0,0,0
2031-12-01 12:00:00,ssp370,0,0,0
2032-03-01 12:00:00,ssp126,0,0,3
2032-03-01 12:00:00,ssp585,0,0,2
2032-03-01 12:00:00,ssp245,0,0,1
2032-03-01 12:00:00,ssp370,0,0,2
2032-06-01 12:00:00,ssp245,12,22,34
2032-06-01 12:00:00,ssp585,15,25,38
2032-06-01 12:00:00,ssp370,11,20,31
2032-06-01 12:00:00,ssp126,12,20,35
2032-09-01 12:00:00,ssp585,0,2,4
2032-09-01 12:00:00,ssp370,0,2,5
2032-09-01 12:00:00,ssp245,0,0,4
2032-09-01 12:00:00,ssp126,0,1,5
2032-12-01 12:00:00,ssp245,0,0,0
2032-12-01 12:00:00,ssp585,0,0,0
2032-12-01 12:00:00,ssp370,0,0,0
2032-12-01 12:00:00,ssp126,0,0,0
2033-03-01 12:00:00,ssp585,0,0,1
2033-03-01 12:00:00,ssp126,0,0,0
2033-03-01 12:00:00,ssp370,0,0,2
2033-03-01 12:00:00,ssp245,0,0,2
2033-06-01 12:00:00,ssp245,14,21,33
2033-06-01 12:00:00,ssp126,13,21,35
2033-06-01 12:00:00,ssp370,14,23,35
2033-06-01 12:00:00,ssp585,14,24,40
2033-09-01 12:00:00,ssp370,0,1,7
2033-09-01 12:00:00,ssp245,0,2,5
2033-09-01 12:00:00,ssp585,0,1,4
2033-09-01 12:00:00,ssp126,0,1,3
2033-12-01 12:00:00,ssp245,0,0,0
2033-12-01 12:00:00,ssp370,0,0,0
2033-12-01 12:00:00,ssp585,0,0,0
2033-12-01 12:00:00,ssp126,0,0,0
2034-03-01 12:00:00,ssp126,0,0,2
2034-03-01 12:00:00,ssp585,0,0,2
2034-03-01 12:00:00,ssp370,0,0,3
2034-03-01 12:00:00,ssp245,0,0,2
2034-06-01 12:00:00,ssp585,11,24,40
2034-06-01 12:00:00,ssp126,16,22,34
2034-06-01 12:00:00,ssp245,12,22,35
2034-06-01 12:00:00,ssp370,11,24,38
2034-09-01 12:00:00,ssp585,0,1,7
2034-09-01 12:00:00,ssp370,0,1,4
2034-09-01 12:00:00,ssp245,0,1,4
2034-09-01 12:00:00,ssp126,0,1,6
2034-12-01 12:00:00,ssp245,0,0,0
2034-12-01 12:00:00,ssp370,0,0,0
2034-12-01 12:00:00,ssp585,0,0,0
2034-12-01 12:00:00,ssp126,0,0,0
2035-03-01 12:00:00,ssp370,0,0,3
2035-03-01 12:00:00,ssp245,0,0,1
2035-03-01 12:00:00,ssp126,0,0,2
2035-03-01 12:00:00,ssp585,0,0,3
2035-06-01 12:00:00,ssp585,9,21,41
2035-06-01 12:00:00,ssp370,12,22,32
2035-06-01 12:00:00,ssp126,10,20,32
2035-06-01 12:00:00,ssp245,12,25,33
2035-09-01 12:00:00,ssp585,0,2,8
2035-09-01 12:00:00,ssp126,0,0,5
2035-09-01 12:00:00,ssp245,0,1,4
2035-09-01 12:00:00,ssp370,0,2,6
2035-12-01 12:00:00,ssp585,0,0,0
2035-12-01 12:00:00,ssp126,0,0,0
2035-12-01 12:00:00,ssp245,0,0,0
2035-12-01 12:00:00,ssp370,0,0,0
2036-03-01 12:00:00,ssp245,0,0,3
2036-03-01 12:00:00,ssp370,0,0,2
2036-03-01 12:00:00,ssp126,0,0,3
2036-03-01 12:00:00,ssp585,0,0,2
2036-06-01 12:00:00,ssp370,16,26,43
2036-06-01 12:00:00,ssp245,16,24,38
2036-06-01 12:00:00,ssp585,14,25,37
2036-06-01 12:00:00,ssp126,13,22,40
2036-09-01 12:00:00,ssp126,0,2,4
2036-09-01 12:00:00,ssp245,0,1,8
2036-09-01 12:00:00,ssp370,0,1,6
2036-09-01 12:00:00,ssp585,0,0,3
2036-12-01 12:00:00,ssp370,0,0,0
2036-12-01 12:00:00,ssp585,0,0,0
2036-12-01 12:00:00,ssp126,0,0,0
2036-12-01 12:00:00,ssp245,0,0,0
2037-03-01 12:00:00,ssp245,0,0,3
2037-03-01 12:00:00,ssp126,0,0,2
2037-03-01 12:00:00,ssp585,0,0,2
2037-03-01 12:00:00,ssp370,0,0,0
2037-06-01 12:00:00,ssp245,14,22,35
2037-06-01 12:00:00,ssp126,14,26,41
2037-06-01 12:00:00,ssp585,16,29,44
2037-06-01 12:00:00,ssp370,16,27,36
2037-09-01 12:00:00,ssp245,0,0,6
2037-09-01 12:00:00,ssp126,0,0,5
2037-09-01 12:00:00,ssp585,0,1,6
2037-09-01 12:00:00,ssp370,0,2,4
2037-12-01 12:00:00,ssp370,0,0,0
2037-12-01 12:00:00,ssp585,0,0,0
2037-12-01 12:00:00,ssp126,0,0,0
2037-12-01 12:00:00,ssp245,0,0,0
2038-03-01 12:00:00,ssp245,0,0,2
2038-03-01 12:00:00,ssp585,0,0,3
2038-03-01 12:00:00,ssp126,0,0,4
2038-03-01 12:00:00,ssp370,0,0,2
2038-06-01 12:00:00,ssp585,17,29,54
2038-06-01 12:00:00,ssp245,13,25,37
2038-06-01 12:00:00,ssp370,15,28,38
2038-06-01 12:00:00,ssp126,12,24,38
2038-09-01 12:00:00,ssp245,0,1,6
2038-09-01 12:00:00,ssp126,0,1,4
2038-09-01 12:00:00,ssp585,0,1,6
2038-09-01 12:00:00,ssp370,1,2,6
2038-12-01 12:00:00,ssp126,0,0,0
2038-12-01 12:00:00,ssp585,0,0,0
2038-12-01 12:00:00,ssp370,0,0,0
2038-12-01 12:00:00,ssp245,0,0,0
2039-03-01 12:00:00,ssp585,0,0,2
2039-03-01 12:00:00,ssp245,0,0,2
2039-03-01 12:00:00,ssp126,0,0,3
2039-03-01 12:00:00,ssp370,0,0,1
2039-06-01 12:00:00,ssp370,13,22,37
2039-06-01 12:00:00,ssp585,20,29,43
2039-06-01 12:00:00,ssp245,14,22,38
2039-06-01 12:00:00,ssp126,14,24,36
2039-09-01 12:00:00,ssp126,0,1,3
2039-09-01 12:00:00,ssp245,0,2,4
2039-09-01 12:00:00,ssp370,0,2,6
2039-09-01 12:00:00,ssp585,0,2,5
2039-12-01 12:00:00,ssp370,0,0,0
2039-12-01 12:00:00,ssp245,0,0,0
2039-12-01 12:00:00,ssp585,0,0,0
2039-12-01 12:00:00,ssp126,0,0,0
2040-03-01 12:00:00,ssp370,0,0,2
2040-03-01 12:00:00,ssp245,0,0,2
2040-03-01 12:00:00,ssp585,0,0,1
2040-03-01 12:00:00,ssp126,0,0,3
2040-06-01 12:00:00,ssp370,19,28,39
2040-06-01 12:00:00,ssp126,18,23,32
2040-06-01 12:00:00,ssp585,20,30,41
2040-06-01 12:00:00,ssp245,15,27,39
2040-09-01 12:00:00,ssp126,0,1,5
2040-09-01 12:00:00,ssp370,0,2,6
2040-09-01 12:00:00,ssp585,0,1,5
2040-09-01 12:00:00,ssp245,0,1,6
2040-12-01 12:00:00,ssp585,0,0,0
2040-12-01 12:00:00,ssp126,0,0,0
2040-12-01 12:00:00,ssp370,0,0,0
2040-12-01 12:00:00,ssp245,0,0,0
2041-03-01 12:00:00,ssp245,0,0,3
2041-03-01 12:00:00,ssp126,0,0,2
2041-03-01 12:00:00,ssp370,0,0,2
2041-03-01 12:00:00,ssp585,0,0,5
2041-06-01 12:00:00,ssp245,11,29,39
2041-06-01 12:00:00,ssp585,15,28,49
2041-06-01 12:00:00,ssp126,11,20,40
2041-06-01 12:00:00,ssp370,18,21,38
2041-09-01 12:00:00,ssp245,0,0,3
2041-09-01 12:00:00,ssp370,0,1,5
2041-09-01 12:00:00,ssp126,0,1,4
2041-09-01 12:00:00,ssp585,0,1,4
2041-12-01 12:00:00,ssp585,0,0,0
2041-12-01 12:00:00,ssp245,0,0,0
2041-12-01 12:00:00,ssp126,0,0,0
2041-12-01 12:00:00,ssp370,0,0,0
2042-03-01 12:00:00,ssp370,0,0,2
2042-03-01 12:00:00,ssp126,0,0,2
2042-03-01 12:00:00,ssp585,0,0,2
2042-03-01 12:00:00,ssp245,0,0,3
2042-06-01 12:00:00,ssp370,17,25,46
2042-06-01 12:00:00,ssp585,17,28,50
2042-06-01 12:00:00,ssp245,15,25,36
2042-06-01 12:00:00,ssp126,13,23,42
2042-09-01 12:00:00,ssp245,0,2,4
2042-09-01 12:00:00,ssp370,0,1,4
2042-09-01 12:00:00,ssp585,0,2,7
2042-09-01 12:00:00,ssp126,0,1,5
2042-12-01 12:00:00,ssp585,0,0,0
2042-12-01 12:00:00,ssp370,0,0,0
2042-12-01 12:00:00,ssp126,0,0,0
2042-12-01 12:00:00,ssp245,0,0,0
2043-03-01 12:00:00,ssp126,0,0,3
2043-03-01 12:00:00,ssp585,0,0,2
2043-03-01 12:00:00,ssp370,0,0,1
2043-03-01 12:00:00,ssp245,0,0,2
2043-06-01 12:00:00,ssp126,12,23,37
2043-06-01 12:00:00,ssp245,10,26,39
2043-06-01 12:00:00,ssp370,19,27,43
2043-06-01 12:00:00,ssp585,20,30,44
2043-09-01 12:00:00,ssp245,0,1,3
2043-09-01 12:00:00,ssp126,0,2,4
2043-09-01 12:00:00,ssp585,0,1,4
2043-09-01 12:00:00,ssp370,0,2,4
2043-12-01 12:00:00,ssp245,0,0,0
2043-12-01 12:00:00,ssp370,0,0,0
2043-12-01 12:00:00,ssp126,0,0,0
2043-12-01 12:00:00,ssp585,0,0,0
2044-03-01 12:00:00,ssp370,0,0,3
2044-03-01 12:00:00,ssp585,0,0,2
2044-03-01 12:00:00,ssp126,0,0,1
2044-03-01 12:00:00,ssp245,0,0,2
2044-06-01 12:00:00,ssp585,17,30,56
2044-06-01 12:00:00,ssp245,16,29,47
2044-06-01 12:00:00,ssp370,16,29,46
2044-06-01 12:00:00,ssp126,15,25,44
2044-09-01 12:00:00,ssp370,0,2,5
2044-09-01 12:00:00,ssp126,0,1,6
2044-09-01 12:00:00,ssp585,0,2,5
2044-09-01 12:00:00,ssp245,0,1,6
2044-12-01 12:00:00,ssp585,0,0,0
2044-12-01 12:00:00,ssp370,0,0,0
2044-12-01 12:00:00,ssp126,0,0,0
2044-12-01 12:00:00,ssp245,0,0,0
2045-03-01 12:00:00,ssp126,0,0,2
2045-03-01 12:00:00,ssp585,0,0,3
2045-03-01 12:00:00,ssp370,0,0,2
2045-03-01 12:00:00,ssp245,0,0,3
2045-06-01 12:00:00,ssp245,14,22,39
2045-06-01 12:00:00,ssp126,13,27,39
2045-06-01 12:00:00,ssp370,13,26,37
2045-06-01 12:00:00,ssp585,22,30,47
2045-09-01 12:00:00,ssp370,0,1,6
2045-09-01 12:00:00,ssp126,0,2,6
2045-09-01 12:00:00,ssp585,0,2,5
2045-09-01 12:00:00,ssp245,0,1,7
2045-12-01 12:00:00,ssp245,0,0,0
2045-12-01 12:00:00,ssp585,0,0,0
2045-12-01 12:00:00,ssp126,0,0,0
2045-12-01 12:00:00,ssp370,0,0,0
2046-03-01 12:00:00,ssp245,0,0,3
2046-03-01 12:00:00,ssp585,0,0,3
2046-03-01 12:00:00,ssp126,0,0,1
2046-03-01 12:00:00,ssp370,0,0,2
2046-06-01 12:00:00,ssp370,15,24,43
2046-06-01 12:00:00,ssp585,18,32,47
2046-06-01 12:00:00,ssp245,18,28,39
2046-06-01 12:00:00,ssp126,12,24,36
2046-09-01 12:00:00,ssp370,0,2,6
2046-09-01 12:00:00,ssp585,0,1,5
2046-09-01 12:00:00,ssp126,0,2,6
2046-09-01 12:00:00,ssp245,0,2,4
2046-12-01 12:00:00,ssp585,0,0,0
2046-12-01 12:00:00,ssp126,0,0,0
2046-12-01 12:00:00,ssp370,0,0,0
2046-12-01 12:00:00,ssp245,0,0,0
2047-03-01 12:00:00,ssp585,0,1,5
2047-03-01 12:00:00,ssp245,0,0,4
2047-03-01 12:00:00,ssp126,0,0,3
2047-03-01 12:00:00,ssp370,0,1,4
2047-06-01 12:00:00,ssp370,12,26,41
2047-06-01 12:00:00,ssp126,16,25,38
2047-06-01 12:00:00,ssp585,24,32,45
2047-06-01 12:00:00,ssp245,14,26,44
2047-09-01 12:00:00,ssp585,0,2,7
2047-09-01 12:00:00,ssp126,0,1,3
2047-09-01 12:00:00,ssp370,0,2,6
2047-09-01 12:00:00,ssp245,0,2,7
2047-12-01 12:00:00,ssp126,0,0,0
2047-12-01 12:00:00,ssp585,0,0,0
2047-12-01 12:00:00,ssp370,0,0,0
2047-12-01 12:00:00,ssp245,0,0,0
2048-03-01 12:00:00,ssp370,0,0,4
2048-03-01 12:00:00,ssp126,0,0,2
2048-03-01 12:00:00,ssp585,0,0,3
2048-03-01 12:00:00,ssp245,0,0,2
2048-06-01 12:00:00,ssp370,16,28,47
2048-06-01 12:00:00,ssp126,15,27,43
2048-06-01 12:00:00,ssp585,20,33,49
2048-06-01 12:00:00,ssp245,14,26,44
2048-09-01 12:00:00,ssp370,0,2,6
2048-09-01 12:00:00,ssp126,0,0,6
2048-09-01 12:00:00,ssp245,0,2,6
2048-09-01 12:00:00,ssp585,0,2,6
2048-12-01 12:00:00,ssp370,0,0,0
2048-12-01 12:00:00,ssp126,0,0,0
2048-12-01 12:00:00,ssp585,0,0,0
2048-12-01 12:00:00,ssp245,0,0,0
2049-03-01 12:00:00,ssp245,0,0,2
2049-03-01 12:00:00,ssp126,0,0,4
2049-03-01 12:00:00,ssp585,0,1,2
2049-03-01 12:00:00,ssp370,0,1,4
2049-06-01 12:00:00,ssp370,17,32,39
2049-06-01 12:00:00,ssp585,21,36,51
2049-06-01 12:00:00,ssp126,13,28,36
2049-06-01 12:00:00,ssp245,19,28,44
2049-09-01 12:00:00,ssp126,0,1,5
2049-09-01 12:00:00,ssp370,0,1,8
2049-09-01 12:00:00,ssp245,0,1,4
2049-09-01 12:00:00,ssp585,0,2,8
2049-12-01 12:00:00,ssp370,0,0,0
2049-12-01 12:00:00,ssp126,0,0,0
2049-12-01 12:00:00,ssp245,0,0,0
2049-12-01 12:00:00,ssp585,0,0,0
2050-03-01 12:00:00,ssp370,0,0,3
2050-03-01 12:00:00,ssp585,0,1,5
2050-03-01 12:00:00,ssp245,0,0,2
2050-03-01 12:00:00,ssp126,0,0,3
2050-06-01 12:00:00,ssp585,21,32,50
2050-06-01 12:00:00,ssp245,13,30,41
2050-06-01 12:00:00,ssp370,19,32,44
2050-06-01 12:00:00,ssp126,14,25,34
2050-09-01 12:00:00,ssp585,0,2,9
2050-09-01 12:00:00,ssp245,0,1,6
2050-09-01 12:00:00,ssp370,0,2,6
2050-09-01 12:00:00,ssp126,0,2,7
2050-12-01 12:00:00,ssp585,0,0,0
2050-12-01 12:00:00,ssp245,0,0,0
2050-12-01 12:00:00,ssp370,0,0,0
2050-12-01 12:00:00,ssp126,0,0,0
2051-03-01 12:00:00,ssp126,0,0,1
2051-03-01 12:00:00,ssp245,0,0,3
2051-03-01 12:00:00,ssp585,0,0,2
2051-03-01 12:00:00,ssp370,0,0,3
2051-06-01 12:00:00,ssp585,19,32,45
2051-06-01 12:00:00,ssp370,19,31,52
2051-06-01 12:00:00,ssp126,14,25,42
2051-06-01 12:00:00,ssp245,17,30,50
2051-09-01 12:00:00,ssp585,0,3,7
2051-09-01 12:00:00,ssp370,0,2,7
2051-09-01 12:00:00,ssp126,0,2,6
2051-09-01 12:00:00,ssp245,0,2,6
2051-12-01 12:00:00,ssp245,0,0,0
2051-12-01 12:00:00,ssp126,0,0,0
2051-12-01 12:00:00,ssp370,0,0,0
2051-12-01 12:00:00,ssp585,0,0,0
2052-03-01 12:00:00,ssp585,0,1,4
2052-03-01 12:00:00,ssp245,0,0,2
2052-03-01 12:00:00,ssp126,0,1,4
2052-03-01 12:00:00,ssp370,0,1,4
2052-06-01 12:00:00,ssp585,25,34,50
2052-06-01 12:00:00,ssp245,20,33,44
2052-06-01 12:00:00,ssp126,16,25,40
2052-06-01 12:00:00,ssp370,17,29,44
2052-09-01 12:00:00,ssp585,1,3,10
2052-09-01 12:00:00,ssp126,0,1,8
2052-09-01 12:00:00,ssp370,0,3,6
2052-09-01 12:00:00,ssp245,0,1,6
2052-12-01 12:00:00,ssp245,0,0,0
2052-12-01 12:00:00,ssp126,0,0,0
2052-12-01 12:00:00,ssp585,0,0,0
2052-12-01 12:00:00,ssp370,0,0,0
2053-03-01 12:00:00,ssp245,0,0,3
2053-03-01 12:00:00,ssp370,0,1,3
2053-03-01 12:00:00,ssp585,0,0,3
2053-03-01 12:00:00,ssp126,0,0,2
2053-06-01 12:00:00,ssp245,18,32,44
2053-06-01 12:00:00,ssp585,18,37,51
2053-06-01 12:00:00,ssp370,20,36,53
2053-06-01 12:00:00,ssp126,16,27,46
2053-09-01 12:00:00,ssp245,0,2,4
2053-09-01 12:00:00,ssp585,0,2,6
2053-09-01 12:00:00,ssp370,0,2,5
2053-09-01 12:00:00,ssp126,0,2,6
2053-12-01 12:00:00,ssp585,0,0,0
2053-12-01 12:00:00,ssp126,0,0,0
2053-12-01 12:00:00,ssp245,0,0,0
2053-12-01 12:00:00,ssp370,0,0,0
2054-03-01 12:00:00,ssp585,0,0,4
2054-03-01 12:00:00,ssp370,0,0,3
2054-03-01 12:00:00,ssp245,0,0,2
2054-03-01 12:00:00,ssp126,0,0,3
2054-06-01 12:00:00,ssp370,21,32,45
2054-06-01 12:00:00,ssp585,22,36,58
2054-06-01 12:00:00,ssp245,18,28,41
2054-06-01 12:00:00,ssp126,12,20,38
2054-09-01 12:00:00,ssp585,1,4,8
2054-09-01 12:00:00,ssp126,0,0,6
2054-09-01 12:00:00,ssp370,0,1,5
2054-09-01 12:00:00,ssp245,0,1,4
2054-12-01 12:00:00,ssp585,0,0,0
2054-12-01 12:00:00,ssp126,0,0,0
2054-12-01 12:00:00,ssp245,0,0,0
2054-12-01 12:00:00,ssp370,0,0,0
2055-03-01 12:00:00,ssp585,0,0,4
2055-03-01 12:00:00,ssp245,0,0,3
2055-03-01 12:00:00,ssp370,0,0,2
2055-03-01 12:00:00,ssp126,0,0,2
2055-06-01 12:00:00,ssp585,26,39,54
2055-06-01 12:00:00,ssp370,20,34,49
2055-06-01 12:00:00,ssp245,21,28,41
2055-06-01 12:00:00,ssp126,14,26,40
2055-09-01 12:00:00,ssp126,0,1,5
2055-09-01 12:00:00,ssp585,0,2,5
2055-09-01 12:00:00,ssp245,1,2,7
2055-09-01 12:00:00,ssp370,0,3,6
2055-12-01 12:00:00,ssp585,0,0,0
2055-12-01 12:00:00,ssp126,0,0,0
2055-12-01 12:00:00,ssp245,0,0,0
2055-12-01 12:00:00,ssp370,0,0,0
2056-03-01 12:00:00,ssp370,0,0,3
2056-03-01 12:00:00,ssp126,0,0,2
2056-03-01 12:00:00,ssp585,0,1,4
2056-03-01 12:00:00,ssp245,0,0,4
2056-06-01 12:00:00,ssp370,21,30,52
2056-06-01 12:00:00,ssp126,17,25,38
2056-06-01 12:00:00,ssp585,25,38,58
2056-06-01 12:00:00,ssp245,23,30,41
2056-09-01 12:00:00,ssp585,0,3,7
2056-09-01 12:00:00,ssp126,0,2,4
2056-09-01 12:00:00,ssp370,0,4,7
2056-09-01 12:00:00,ssp245,0,2,5
2056-12-01 12:00:00,ssp245,0,0,0
2056-12-01 12:00:00,ssp126,0,0,0
2056-12-01 12:00:00,ssp370,0,0,0
2056-12-01 12:00:00,ssp585,0,0,0
2057-03-01 12:00:00,ssp245,0,0,2
2057-03-01 12:00:00,ssp585,0,0,5
2057-03-01 12:00:00,ssp126,0,0,2
2057-03-01 12:00:00,ssp370,0,0,3
2057-06-01 12:00:00,ssp245,17,32,43
2057-06-01 12:00:00,ssp585,25,40,57
2057-06-01 12:00:00,ssp126,15,29,38
2057-06-01 12:00:00,ssp370,25,37,46
2057-09-01 12:00:00,ssp245,0,0,6
2057-09-01 12:00:00,ssp126,0,1,6
2057-09-01 12:00:00,ssp585,0,1,7
2057-09-01 12:00:00,ssp370,0,2,6
2057-12-01 12:00:00,ssp585,0,0,0
2057-12-01 12:00:00,ssp126,0,0,0
2057-12-01 12:00:00,ssp245,0,0,0
2057-12-01 12:00:00,ssp370,0,0,0
2058-03-01 12:00:00,ssp126,0,0,1
2058-03-01 12:00:00,ssp370,0,1,2
2058-03-01 12:00:00,ssp585,0,0,5
2058-03-01 12:00:00,ssp245,0,1,2
2058-06-01 12:00:00,ssp126,16,24,40
2058-06-01 12:00:00,ssp245,19,34,46
2058-06-01 12:00:00,ssp370,21,34,54
2058-06-01 12:00:00,ssp585,22,44,58
2058-09-01 12:00:00,ssp370,0,3,7
2058-09-01 12:00:00,ssp126,0,1,6
2058-09-01 12:00:00,ssp585,0,3,6
2058-09-01 12:00:00,ssp245,0,3,7
2058-12-01 12:00:00,ssp126,0,0,0
2058-12-01 12:00:00,ssp370,0,0,0
2058-12-01 12:00:00,ssp585,0,0,0
2058-12-01 12:00:00,ssp245,0,0,0
2059-03-01 12:00:00,ssp585,0,2,5
2059-03-01 12:00:00,ssp126,0,0,3
2059-03-01 12:00:00,ssp245,0,0,2
2059-03-01 12:00:00,ssp370,0,0,3
2059-06-01 12:00:00,ssp370,14,36,53
2059-06-01 12:00:00,ssp126,17,30,38
2059-06-01 12:00:00,ssp245,21,31,48
2059-06-01 12:00:00,ssp585,26,40,62
2059-09-01 12:00:00,ssp245,0,2,4
2059-09-01 12:00:00,ssp126,0,2,7
2059-09-01 12:00:00,ssp585,0,2,6
2059-09-01 12:00:00,ssp370,0,2,8
2059-12-01 12:00:00,ssp585,0,0,0
2059-12-01 12:00:00,ssp245,0,0,0
2059-12-01 12:00:00,ssp370,0,0,0
2059-12-01 12:00:00,ssp126,0,0,0
2060-03-01 12:00:00,ssp245,0,0,4
2060-03-01 12:00:00,ssp126,0,0,4
2060-03-01 12:00:00,ssp585,0,1,3
2060-03-01 12:00:00,ssp370,0,1,4
2060-06-01 12:00:00,ssp245,26,36,49
2060-06-01 12:00:00,ssp126,16,26,38
2060-06-01 12:00:00,ssp585,31,44,55
2060-06-01 12:00:00,ssp370,25,35,52
2060-09-01 12:00:00,ssp245,0,3,8
2060-09-01 12:00:00,ssp126,0,2,6
2060-09-01 12:00:00,ssp585,0,3,9
2060-09-01 12:00:00,ssp370,0,3,7
2060-12-01 12:00:00,ssp126,0,0,0
2060-12-01 12:00:00,ssp370,0,0,0
2060-12-01 12:00:00,ssp585,0,0,0
2060-12-01 12:00:00,ssp245,0,0,0
2061-03-01 12:00:00,ssp370,0,1,4
2061-03-01 12:00:00,ssp585,0,0,5
2061-03-01 12:00:00,ssp245,0,0,3
2061-03-01 12:00:00,ssp126,0,1,3
2061-06-01 12:00:00,ssp585,25,38,54
2061-06-01 12:00:00,ssp245,16,32,50
2061-06-01 12:00:00,ssp126,12,28,44
2061-06-01 12:00:00,ssp370,25,35,51
2061-09-01 12:00:00,ssp245,0,2,7
2061-09-01 12:00:00,ssp585,0,4,8
2061-09-01 12:00:00,ssp370,0,4,8
2061-09-01 12:00:00,ssp126,0,2,7
2061-12-01 12:00:00,ssp245,0,0,0
2061-12-01 12:00:00,ssp585,0,0,0
2061-12-01 12:00:00,ssp126,0,0,0
2061-12-01 12:00:00,ssp370,0,0,0
2062-03-01 12:00:00,ssp585,0,1,4
2062-03-01 12:00:00,ssp245,0,0,4
2062-03-01 12:00:00,ssp126,0,0,2
2062-03-01 12:00:00,ssp370,0,1,4
2062-06-01 12:00:00,ssp370,24,39,50
2062-06-01 12:00:00,ssp126,11,29,38
2062-06-01 12:00:00,ssp245,27,33,52
2062-06-01 12:00:00,ssp585,35,46,66
2062-09-01 12:00:00,ssp126,0,1,6
2062-09-01 12:00:00,ssp585,1,4,7
2062-09-01 12:00:00,ssp245,0,2,6
2062-09-01 12:00:00,ssp370,0,2,9
2062-12-01 12:00:00,ssp126,0,0,0
2062-12-01 12:00:00,ssp585,0,0,0
2062-12-01 12:00:00,ssp245,0,0,0
2062-12-01 12:00:00,ssp370,0,0,0
2063-03-01 12:00:00,ssp370,0,0,2
2063-03-01 12:00:00,ssp245,0,0,7
2063-03-01 12:00:00,ssp126,0,0,3
2063-03-01 12:00:00,ssp585,0,1,4
2063-06-01 12:00:00,ssp126,12,29,41
2063-06-01 12:00:00,ssp370,26,38,52
2063-06-01 12:00:00,ssp245,19,36,52
2063-06-01 12:00:00,ssp585,31,44,52
2063-09-01 12:00:00,ssp126,0,2,4
2063-09-01 12:00:00,ssp370,0,4,10
2063-09-01 12:00:00,ssp245,1,3,7
2063-09-01 12:00:00,ssp585,1,4,8
2063-12-01 12:00:00,ssp370,0,0,0
2063-12-01 12:00:00,ssp126,0,0,0
2063-12-01 12:00:00,ssp585,0,0,0
2063-12-01 12:00:00,ssp245,0,0,0
2064-03-01 12:00:00,ssp585,0,1,3
2064-03-01 12:00:00,ssp126,0,0,4
2064-03-01 12:00:00,ssp370,0,2,5
2064-03-01 12:00:00,ssp245,0,1,3
2064-06-01 12:00:00,ssp126,17,29,42
2064-06-01 12:00:00,ssp585,31,47,61
2064-06-01 12:00:00,ssp245,14,32,49
2064-06-01 12:00:00,ssp370,22,39,54
2064-09-01 12:00:00,ssp370,0,2,9
2064-09-01 12:00:00,ssp585,0,5,13
2064-09-01 12:00:00,ssp245,0,1,5
2064-09-01 12:00:00,ssp126,0,2,6
2064-12-01 12:00:00,ssp585,0,0,0
2064-12-01 12:00:00,ssp370,0,0,0
2064-12-01 12:00:00,ssp245,0,0,0
2064-12-01 12:00:00,ssp126,0,0,0
2065-03-01 12:00:00,ssp370,0,1,4
2065-03-01 12:00:00,ssp585,0,1,6
2065-03-01 12:00:00,ssp126,0,0,1
2065-03-01 12:00:00,ssp245,0,0,2
2065-06-01 12:00:00,ssp585,32,47,60
2065-06-01 12:00:00,ssp370,27,40,58
2065-06-01 12:00:00,ssp245,19,33,55
2065-06-01 12:00:00,ssp126,14,28,42
2065-09-01 12:00:00,ssp245,0,2,5
2065-09-01 12:00:00,ssp370,0,4,9
2065-09-01 12:00:00,ssp126,0,2,6
2065-09-01 12:00:00,ssp585,2,3,9
2065-12-01 12:00:00,ssp245,0,0,0
2065-12-01 12:00:00,ssp370,0,0,0
2065-12-01 12:00:00,ssp585,0,0,0
2065-12-01 12:00:00,ssp126,0,0,0
2066-03-01 12:00:00,ssp126,0,0,2
2066-03-01 12:00:00,ssp370,0,1,4
2066-03-01 12:00:00,ssp245,0,0,3
2066-03-01 12:00:00,ssp585,0,1,5
2066-06-01 12:00:00,ssp126,13,25,42
2066-06-01 12:00:00,ssp370,23,35,55
2066-06-01 12:00:00,ssp585,33,50,64
2066-06-01 12:00:00,ssp245,25,34,50
2066-09-01 12:00:00,ssp370,0,4,9
2066-09-01 12:00:00,ssp585,2,4,12
2066-09-01 12:00:00,ssp126,0,1,5
2066-09-01 12:00:00,ssp245,0,2,8
2066-12-01 12:00:00,ssp245,0,0,0
2066-12-01 12:00:00,ssp585,0,0,0
2066-12-01 12:00:00,ssp370,0,0,0
2066-12-01 12:00:00,ssp126,0,0,0
2067-03-01 12:00:00,ssp245,0,0,2
2067-03-01 12:00:00,ssp126,0,0,2
2067-03-01 12:00:00,ssp370,0,1,4
2067-03-01 12:00:00,ssp585,0,1,3
2067-06-01 12:00:00,ssp370,24,35,49
2067-06-01 12:00:00,ssp245,21,30,48
2067-06-01 12:00:00,ssp126,16,28,37
2067-06-01 12:00:00,ssp585,34,50,68
2067-09-01 12:00:00,ssp585,1,5,15
2067-09-01 12:00:00,ssp245,0,2,6
2067-09-01 12:00:00,ssp126,0,2,5
2067-09-01 12:00:00,ssp370,1,3,10
2067-12-01 12:00:00,ssp585,0,0,0
2067-12-01 12:00:00,ssp126,0,0,0
2067-12-01 12:00:00,ssp245,0,0,0
2067-12-01 12:00:00,ssp370,0,0,0
2068-03-01 12:00:00,ssp585,0,1,5
2068-03-01 12:00:00,ssp245,0,1,4
2068-03-01 12:00:00,ssp370,0,1,5
2068-03-01 12:00:00,ssp126,0,0,2
2068-06-01 12:00:00,ssp585,33,52,69
2068-06-01 12:00:00,ssp370,28,41,58
2068-06-01 12:00:00,ssp245,14,35,57
2068-06-01 12:00:00,ssp126,16,26,38
2068-09-01 12:00:00,ssp126,0,1,4
2068-09-01 12:00:00,ssp585,0,5,12
2068-09-01 12:00:00,ssp370,0,3,6
2068-09-01 12:00:00,ssp245,0,4,8
2068-12-01 12:00:00,ssp370,0,0,0
2068-12-01 12:00:00,ssp245,0,0,0
2068-12-01 12:00:00,ssp126,0,0,0
2068-12-01 12:00:00,ssp585,0,0,0
2069-03-01 12:00:00,ssp585,0,1,4
2069-03-01 12:00:00,ssp370,0,1,4
2069-03-01 12:00:00,ssp245,0,0,4
2069-03-01 12:00:00,ssp126,0,0,5
2069-06-01 12:00:00,ssp245,21,35,50
2069-06-01 12:00:00,ssp126,16,29,44
2069-06-01 12:00:00,ssp585,33,52,72
2069-06-01 12:00:00,ssp370,27,40,59
2069-09-01 12:00:00,ssp126,0,2,4
2069-09-01 12:00:00,ssp585,2,4,10
2069-09-01 12:00:00,ssp370,0,4,10
2069-09-01 12:00:00,ssp245,0,2,7
2069-12-01 12:00:00,ssp126,0,0,0
2069-12-01 12:00:00,ssp370,0,0,0
2069-12-01 12:00:00,ssp245,0,0,0
2069-12-01 12:00:00,ssp585,0,0,0
2070-03-01 12:00:00,ssp126,0,0,2
2070-03-01 12:00:00,ssp585,0,2,6
2070-03-01 12:00:00,ssp370,0,1,4
2070-03-01 12:00:00,ssp245,0,0,4
2070-06-01 12:00:00,ssp126,19,28,48
2070-06-01 12:00:00,ssp585,32,54,70
2070-06-01 12:00:00,ssp370,26,44,58
2070-06-01 12:00:00,ssp245,21,33,50
2070-09-01 12:00:00,ssp126,0,2,5
2070-09-01 12:00:00,ssp245,0,2,8
2070-09-01 12:00:00,ssp370,1,3,7
2070-09-01 12:00:00,ssp585,1,5,13
2070-12-01 12:00:00,ssp245,0,0,0
2070-12-01 12:00:00,ssp585,0,0,0
2070-12-01 12:00:00,ssp370,0,0,0
2070-12-01 12:00:00,ssp126,0,0,0
2071-03-01 12:00:00,ssp245,0,0,4
2071-03-01 12:00:00,ssp585,0,2,6
2071-03-01 12:00:00,ssp370,0,1,3
2071-03-01 12:00:00,ssp126,0,0,3
2071-06-01 12:00:00,ssp370,26,40,60
2071-06-01 12:00:00,ssp585,36,49,67
2071-06-01 12:00:00,ssp245,22,33,49
2071-06-01 12:00:00,ssp126,10,25,39
2071-09-01 12:00:00,ssp245,0,2,8
2071-09-01 12:00:00,ssp370,1,2,7
2071-09-01 12:00:00,ssp126,0,1,6
2071-09-01 12:00:00,ssp585,2,5,11
2071-12-01 12:00:00,ssp126,0,0,0
2071-12-01 12:00:00,ssp245,0,0,0
2071-12-01 12:00:00,ssp370,0,0,0
2071-12-01 12:00:00,ssp585,0,0,0
2072-03-01 12:00:00,ssp245,0,1,4
2072-03-01 12:00:00,ssp126,0,0,3
2072-03-01 12:00:00,ssp370,0,0,5
2072-03-01 12:00:00,ssp585,0,1,4
2072-06-01 12:00:00,ssp585,36,56,70
2072-06-01 12:00:00,ssp245,25,34,50
2072-06-01 12:00:00,ssp126,15,28,45
2072-06-01 12:00:00,ssp370,32,41,58
2072-09-01 12:00:00,ssp245,0,4,8
2072-09-01 12:00:00,ssp126,0,0,4
2072-09-01 12:00:00,ssp370,2,5,12
2072-09-01 12:00:00,ssp585,2,6,13
2072-12-01 12:00:00,ssp245,0,0,0
2072-12-01 12:00:00,ssp370,0,0,0
2072-12-01 12:00:00,ssp585,0,0,0
2072-12-01 12:00:00,ssp126,0,0,0
2073-03-01 12:00:00,ssp245,0,0,6
2073-03-01 12:00:00,ssp126,0,1,3
2073-03-01 12:00:00,ssp585,0,3,5
2073-03-01 12:00:00,ssp370,0,1,4
2073-06-01 12:00:00,ssp370,28,50,62
2073-06-01 12:00:00,ssp245,22,34,55
2073-06-01 12:00:00,ssp126,15,26,46
2073-06-01 12:00:00,ssp585,35,48,70
2073-09-01 12:00:00,ssp126,0,1,5
2073-09-01 12:00:00,ssp245,0,2,7
2073-09-01 12:00:00,ssp585,2,5,14
2073-09-01 12:00:00,ssp370,1,4,12
2073-12-01 12:00:00,ssp370,0,0,0
2073-12-01 12:00:00,ssp245,0,0,0
2073-12-01 12:00:00,ssp126,0,0,0
2073-12-01 12:00:00,ssp585,0,0,0
2074-03-01 12:00:00,ssp126,0,1,4
2074-03-01 12:00:00,ssp370,0,1,4
2074-03-01 12:00:00,ssp245,0,1,3
2074-03-01 12:00:00,ssp585,0,1,6
2074-06-01 12:00:00,ssp245,19,34,51
2074-06-01 12:00:00,ssp126,16,32,42
2074-06-01 12:00:00,ssp585,39,50,73
2074-06-01 12:00:00,ssp370,33,48,66
2074-09-01 12:00:00,ssp245,0,3,6
2074-09-01 12:00:00,ssp585,2,7,13
2074-09-01 12:00:00,ssp126,0,2,6
2074-09-01 12:00:00,ssp370,1,3,10
2074-12-01 12:00:00,ssp585,0,0,0
2074-12-01 12:00:00,ssp370,0,0,0
2074-12-01 12:00:00,ssp126,0,0,0
2074-12-01 12:00:00,ssp245,0,0,0
2075-03-01 12:00:00,ssp585,0,2,4
2075-03-01 12:00:00,ssp126,0,0,1
2075-03-01 12:00:00,ssp370,0,0,6
2075-03-01 12:00:00,ssp245,0,1,5
2075-06-01 12:00:00,ssp245,22,36,55
2075-06-01 12:00:00,ssp585,37,56,74
2075-06-01 12:00:00,ssp126,13,24,45
2075-06-01 12:00:00,ssp370,33,48,63
2075-09-01 12:00:00,ssp585,0,3,13
2075-09-01 12:00:00,ssp126,0,2,6
2075-09-01 12:00:00,ssp245,0,2,10
2075-09-01 12:00:00,ssp370,1,6,11
2075-12-01 12:00:00,ssp126,0,0,0
2075-12-01 12:00:00,ssp585,0,0,0
2075-12-01 12:00:00,ssp245,0,0,0
2075-12-01 12:00:00,ssp370,0,0,0
2076-03-01 12:00:00,ssp370,0,1,3
2076-03-01 12:00:00,ssp585,1,2,6
2076-03-01 12:00:00,ssp126,0,0,3
2076-03-01 12:00:00,ssp245,0,1,3
2076-06-01 12:00:00,ssp126,18,27,40
2076-06-01 12:00:00,ssp585,32,53,64
2076-06-01 12:00:00,ssp245,23,34,51
2076-06-01 12:00:00,ssp370,27,51,69
2076-09-01 12:00:00,ssp126,0,2,4
2076-09-01 12:00:00,ssp585,2,8,11
2076-09-01 12:00:00,ssp370,0,3,10
2076-09-01 12:00:00,ssp245,0,2,7
2076-12-01 12:00:00,ssp126,0,0,0
2076-12-01 12:00:00,ssp370,0,0,0
2076-12-01 12:00:00,ssp245,0,0,0
2076-12-01 12:00:00,ssp585,0,0,0
2077-03-01 12:00:00,ssp245,0,1,4
2077-03-01 12:00:00,ssp370,0,1,8
2077-03-01 12:00:00,ssp585,0,2,5
2077-03-01 12:00:00,ssp126,0,1,3
2077-06-01 12:00:00,ssp585,39,58,71
2077-06-01 12:00:00,ssp245,24,35,50
2077-06-01 12:00:00,ssp370,31,51,61
2077-06-01 12:00:00,ssp126,16,27,45
2077-09-01 12:00:00,ssp585,0,6,17
2077-09-01 12:00:00,ssp370,0,4,10
2077-09-01 12:00:00,ssp126,0,1,6
2077-09-01 12:00:00,ssp245,0,2,6
2077-12-01 12:00:00,ssp126,0,0,0
2077-12-01 12:00:00,ssp370,0,0,0
2077-12-01 12:00:00,ssp585,0,0,0
2077-12-01 12:00:00,ssp245,0,0,0
2078-03-01 12:00:00,ssp245,0,1,4
2078-03-01 12:00:00,ssp126,0,0,1
2078-03-01 12:00:00,ssp585,0,2,4
2078-03-01 12:00:00,ssp370,0,1,5
2078-06-01 12:00:00,ssp245,24,38,55
2078-06-01 12:00:00,ssp126,17,26,42
2078-06-01 12:00:00,ssp585,38,50,76
2078-06-01 12:00:00,ssp370,28,46,60
2078-09-01 12:00:00,ssp126,0,1,4
2078-09-01 12:00:00,ssp370,0,2,7
2078-09-01 12:00:00,ssp585,1,7,18
2078-09-01 12:00:00,ssp245,0,3,7
2078-12-01 12:00:00,ssp585,0,0,0
2078-12-01 12:00:00,ssp245,0,0,0
2078-12-01 12:00:00,ssp370,0,0,0
2078-12-01 12:00:00,ssp126,0,0,0
2079-03-01 12:00:00,ssp585,0,2,7
2079-03-01 12:00:00,ssp370,0,1,4
2079-03-01 12:00:00,ssp245,0,0,3
2079-03-01 12:00:00,ssp126,0,0,3
2079-06-01 12:00:00,ssp126,18,28,42
2079-06-01 12:00:00,ssp585,36,61,75
2079-06-01 12:00:00,ssp245,24,35,52
2079-06-01 12:00:00,ssp370,25,41,62
2079-09-01 12:00:00,ssp126,0,2,8
2079-09-01 12:00:00,ssp245,0,3,8
2079-09-01 12:00:00,ssp585,3,6,16
2079-09-01 12:00:00,ssp370,1,5,12
2079-12-01 12:00:00,ssp585,0,0,0
2079-12-01 12:00:00,ssp370,0,0,0
2079-12-01 12:00:00,ssp245,0,0,0
2079-12-01 12:00:00,ssp126,0,0,0
2080-03-01 12:00:00,ssp245,0,0,2
2080-03-01 12:00:00,ssp126,0,0,2
2080-03-01 12:00:00,ssp370,0,1,6
2080-03-01 12:00:00,ssp585,0,2,7
2080-06-01 12:00:00,ssp245,25,37,51
2080-06-01 12:00:00,ssp370,31,52,68
2080-06-01 12:00:00,ssp126,15,30,42
2080-06-01 12:00:00,ssp585,42,60,74
2080-09-01 12:00:00,ssp245,0,3,6
2080-09-01 12:00:00,ssp585,2,7,17
2080-09-01 12:00:00,ssp370,1,3,10
2080-09-01 12:00:00,ssp126,0,2,5
2080-12-01 12:00:00,ssp245,0,0,0
2080-12-01 12:00:00,ssp126,0,0,0
2080-12-01 12:00:00,ssp370,0,0,0
2080-12-01 12:00:00,ssp585,0,0,0
2081-03-01 12:00:00,ssp370,0,2,6
2081-03-01 12:00:00,ssp245,0,1,4
2081-03-01 12:00:00,ssp585,0,4,8
2081-03-01 12:00:00,ssp126,0,0,3
2081-06-01 12:00:00,ssp370,28,44,68
2081-06-01 12:00:00,ssp245,20,37,62
2081-06-01 12:00:00,ssp585,46,62,76
2081-06-01 12:00:00,ssp126,13,29,47
2081-09-01 12:00:00,ssp245,0,3,7
2081-09-01 12:00:00,ssp585,3,6,21
2081-09-01 12:00:00,ssp126,0,1,6
2081-09-01 12:00:00,ssp370,1,2,10
2081-12-01 12:00:00,ssp585,0,0,0
2081-12-01 12:00:00,ssp370,0,0,0
2081-12-01 12:00:00,ssp126,0,0,0
2081-12-01 12:00:00,ssp245,0,0,0
2082-03-01 12:00:00,ssp585,0,3,8
2082-03-01 12:00:00,ssp370,0,1,5
2082-03-01 12:00:00,ssp245,0,0,2
2082-03-01 12:00:00,ssp126,0,0,3
2082-06-01 12:00:00,ssp245,21,41,61
2082-06-01 12:00:00,ssp370,33,48,64
2082-06-01 12:00:00,ssp585,43,56,77
2082-06-01 12:00:00,ssp126,18,27,46
2082-09-01 12:00:00,ssp126,0,1,3
2082-09-01 12:00:00,ssp245,1,4,6
2082-09-01 12:00:00,ssp370,1,6,10
2082-09-01 12:00:00,ssp585,3,9,18
2082-12-01 12:00:00,ssp585,0,0,0
2082-12-01 12:00:00,ssp126,0,0,0
2082-12-01 12:00:00,ssp370,0,0,0
2082-12-01 12:00:00,ssp245,0,0,0
2083-03-01 12:00:00,ssp126,0,0,2
2083-03-01 12:00:00,ssp370,0,0,4
2083-03-01 12:00:00,ssp245,0,1,4
2083-03-01 12:00:00,ssp585,0,2,6
2083-06-01 12:00:00,ssp126,16,26,39
2083-06-01 12:00:00,ssp370,29,51,63
2083-06-01 12:00:00,ssp585,43,60,81
2083-06-01 12:00:00,ssp245,27,39,61
2083-09-01 12:00:00,ssp126,0,1,6
2083-09-01 12:00:00,ssp370,1,6,14
2083-09-01 12:00:00,ssp585,3,7,18
2083-09-01 12:00:00,ssp245,0,2,9
2083-12-01 12:00:00,ssp585,0,0,0
2083-12-01 12:00:00,ssp370,0,0,0
2083-12-01 12:00:00,ssp126,0,0,0
2083-12-01 12:00:00,ssp245,0,0,0
2084-03-01 12:00:00,ssp585,0,4,10
2084-03-01 12:00:00,ssp126,0,0,2
2084-03-01 12:00:00,ssp245,0,1,3
2084-03-01 12:00:00,ssp370,0,2,5
2084-06-01 12:00:00,ssp585,42,63,77
2084-06-01 12:00:00,ssp126,15,27,45
2084-06-01 12:00:00,ssp245,27,38,62
2084-06-01 12:00:00,ssp370,26,55,69
2084-09-01 12:00:00,ssp370,2,5,13
2084-09-01 12:00:00,ssp585,3,8,17
2084-09-01 12:00:00,ssp126,0,1,5
2084-09-01 12:00:00,ssp245,1,4,10
2084-12-01 12:00:00,ssp245,0,0,0
2084-12-01 12:00:00,ssp585,0,0,0
2084-12-01 12:00:00,ssp370,0,0,0
2084-12-01 12:00:00,ssp126,0,0,0
2085-03-01 12:00:00,ssp370,0,3,6
2085-03-01 12:00:00,ssp245,0,1,5
2085-03-01 12:00:00,ssp126,0,0,3
2085-03-01 12:00:00,ssp585,0,3,8
2085-06-01 12:00:00,ssp245,28,44,63
2085-06-01 12:00:00,ssp126,15,25,51
2085-06-01 12:00:00,ssp585,40,63,77
2085-06-01 12:00:00,ssp370,35,54,70
2085-09-01 12:00:00,ssp585,2,7,23
2085-09-01 12:00:00,ssp126,0,2,7
2085-09-01 12:00:00,ssp370,1,4,14
2085-09-01 12:00:00,ssp245,0,3,8
2085-12-01 12:00:00,ssp585,0,0,0
2085-12-01 12:00:00,ssp126,0,0,0
2085-12-01 12:00:00,ssp245,0,0,0
2085-12-01 12:00:00,ssp370,0,0,0
2086-03-01 12:00:00,ssp585,0,3,12
2086-03-01 12:00:00,ssp370,0,1,6
2086-03-01 12:00:00,ssp245,0,1,4
2086-03-01 12:00:00,ssp126,0,0,4
2086-06-01 12:00:00,ssp245,32,42,61
2086-06-01 12:00:00,ssp370,33,54,71
2086-06-01 12:00:00,ssp585,43,62,82
2086-06-01 12:00:00,ssp126,17,33,42
2086-09-01 12:00:00,ssp585,2,11,16
2086-09-01 12:00:00,ssp245,0,3,12
2086-09-01 12:00:00,ssp370,1,6,13
2086-09-01 12:00:00,ssp126,0,1,2
2086-12-01 12:00:00,ssp126,0,0,0
2086-12-01 12:00:00,ssp585,0,0,0
2086-12-01 12:00:00,ssp245,0,0,0
2086-12-01 12:00:00,ssp370,0,0,0
2087-03-01 12:00:00,ssp585,0,4,8
2087-03-01 12:00:00,ssp245,0,1,2
2087-03-01 12:00:00,ssp126,0,0,1
2087-03-01 12:00:00,ssp370,0,2,6
2087-06-01 12:00:00,ssp126,12,26,42
2087-06-01 12:00:00,ssp585,45,59,81
2087-06-01 12:00:00,ssp245,24,40,64
2087-06-01 12:00:00,ssp370,34,51,68
2087-09-01 12:00:00,ssp245,0,2,6
2087-09-01 12:00:00,ssp370,0,5,15
2087-09-01 12:00:00,ssp126,0,1,9
2087-09-01 12:00:00,ssp585,3,9,19
2087-12-01 12:00:00,ssp370,0,0,0
2087-12-01 12:00:00,ssp585,0,0,0
2087-12-01 12:00:00,ssp126,0,0,0
2087-12-01 12:00:00,ssp245,0,0,0
2088-03-01 12:00:00,ssp585,0,2,9
2088-03-01 12:00:00,ssp245,0,0,4
2088-03-01 12:00:00,ssp126,0,0,3
2088-03-01 12:00:00,ssp370,0,2,6
2088-06-01 12:00:00,ssp126,19,33,50
2088-06-01 12:00:00,ssp370,41,54,67
2088-06-01 12:00:00,ssp245,26,35,61
2088-06-01 12:00:00,ssp585,50,65,80
2088-09-01 12:00:00,ssp245,0,3,6
2088-09-01 12:00:00,ssp126,0,1,5
2088-09-01 12:00:00,ssp370,2,6,11
2088-09-01 12:00:00,ssp585,4,9,24
2088-12-01 12:00:00,ssp126,0,0,0
2088-12-01 12:00:00,ssp370,0,0,0
2088-12-01 12:00:00,ssp245,0,0,0
2088-12-01 12:00:00,ssp585,0,0,0
2089-03-01 12:00:00,ssp585,2,5,11
2089-03-01 12:00:00,ssp370,0,2,9
2089-03-01 12:00:00,ssp126,0,0,2
2089-03-01 12:00:00,ssp245,0,1,2
2089-06-01 12:00:00,ssp585,44,65,84
2089-06-01 12:00:00,ssp370,46,59,73
2089-06-01 12:00:00,ssp126,16,26,44
2089-06-01 12:00:00,ssp245,22,40,60
2089-09-01 12:00:00,ssp585,5,10,21
2089-09-01 12:00:00,ssp370,1,7,17
2089-09-01 12:00:00,ssp245,0,3,6
2089-09-01 12:00:00,ssp126,0,0,7
2089-12-01 12:00:00,ssp126,0,0,0
2089-12-01 12:00:00,ssp245,0,0,0
2089-12-01 12:00:00,ssp370,0,0,0
2089-12-01 12:00:00,ssp585,0,0,0
2090-03-01 12:00:00,ssp370,0,2,8
2090-03-01 12:00:00,ssp585,0,3,7
2090-03-01 12:00:00,ssp126,0,0,4
2090-03-01 12:00:00,ssp245,0,1,5
2090-06-01 12:00:00,ssp245,20,41,56
2090-06-01 12:00:00,ssp370,37,54,74
2090-06-01 12:00:00,ssp585,40,66,80
2090-06-01 12:00:00,ssp126,15,26,50
2090-09-01 12:00:00,ssp370,2,6,15
2090-09-01 12:00:00,ssp126,0,1,5
2090-09-01 12:00:00,ssp245,0,2,8
2090-09-01 12:00:00,ssp585,1,8,20
2090-12-01 12:00:00,ssp370,0,0,0
2090-12-01 12:00:00,ssp245,0,0,0
2090-12-01 12:00:00,ssp126,0,0,0
2090-12-01 12:00:00,ssp585,0,0,0
2091-03-01 12:00:00,ssp126,0,0,2
2091-03-01 12:00:00,ssp370,0,2,6
2091-03-01 12:00:00,ssp245,0,1,6
2091-03-01 12:00:00,ssp585,0,3,8
2091-06-01 12:00:00,ssp126,12,31,44
2091-06-01 12:00:00,ssp585,50,64,82
2091-06-01 12:00:00,ssp370,45,54,73
2091-06-01 12:00:00,ssp245,22,42,60
2091-09-01 12:00:00,ssp245,1,4,9
2091-09-01 12:00:00,ssp126,0,1,4
2091-09-01 12:00:00,ssp370,2,7,19
2091-09-01 12:00:00,ssp585,2,12,24
2091-12-01 12:00:00,ssp245,0,0,0
2091-12-01 12:00:00,ssp370,0,0,0
2091-12-01 12:00:00,ssp126,0,0,0
2091-12-01 12:00:00,ssp585,0,0,0
2092-03-01 12:00:00,ssp245,0,1,3
2092-03-01 12:00:00,ssp585,0,3,12
2092-03-01 12:00:00,ssp126,0,1,3
2092-03-01 12:00:00,ssp370,0,2,5
2092-06-01 12:00:00,ssp370,34,57,73
2092-06-01 12:00:00,ssp585,44,69,84
2092-06-01 12:00:00,ssp126,17,34,48
2092-06-01 12:00:00,ssp245,18,39,60
2092-09-01 12:00:00,ssp585,3,10,21
2092-09-01 12:00:00,ssp126,0,1,6
2092-09-01 12:00:00,ssp245,0,4,11
2092-09-01 12:00:00,ssp370,1,7,17
2092-12-01 12:00:00,ssp585,0,0,0
2092-12-01 12:00:00,ssp370,0,0,0
2092-12-01 12:00:00,ssp245,0,0,0
2092-12-01 12:00:00,ssp126,0,0,0
2093-03-01 12:00:00,ssp585,0,4,11
2093-03-01 12:00:00,ssp126,0,0,2
2093-03-01 12:00:00,ssp245,0,0,3
2093-03-01 12:00:00,ssp370,1,2,6
2093-06-01 12:00:00,ssp585,50,65,82
2093-06-01 12:00:00,ssp126,13,28,50
2093-06-01 12:00:00,ssp370,40,60,75
2093-06-01 12:00:00,ssp245,27,37,56
2093-09-01 12:00:00,ssp126,0,2,5
2093-09-01 12:00:00,ssp370,1,8,15
2093-09-01 12:00:00,ssp585,5,11,21
2093-09-01 12:00:00,ssp245,0,4,11
2093-12-01 12:00:00,ssp245,0,0,0
2093-12-01 12:00:00,ssp370,0,0,0
2093-12-01 12:00:00,ssp585,0,0,0
2093-12-01 12:00:00,ssp126,0,0,0
2094-03-01 12:00:00,ssp370,0,3,8
2094-03-01 12:00:00,ssp585,0,4,9
2094-03-01 12:00:00,ssp126,0,0,2
2094-03-01 12:00:00,ssp245,0,1,4
2094-06-01 12:00:00,ssp585,45,64,82
2094-06-01 12:00:00,ssp245,21,44,62
2094-06-01 12:00:00,ssp370,38,59,67
2094-06-01 12:00:00,ssp126,20,29,51
2094-09-01 12:00:00,ssp245,1,4,12
2094-09-01 12:00:00,ssp126,0,1,5
2094-09-01 12:00:00,ssp370,3,7,13
2094-09-01 12:00:00,ssp585,3,13,21
2094-12-01 12:00:00,ssp245,0,0,0
2094-12-01 12:00:00,ssp585,0,0,0
2094-12-01 12:00:00,ssp370,0,0,0
2094-12-01 12:00:00,ssp126,0,0,0
2095-03-01 12:00:00,ssp585,1,3,8
2095-03-01 12:00:00,ssp370,0,2,7
2095-03-01 12:00:00,ssp126,0,0,2
2095-03-01 12:00:00,ssp245,0,1,3
2095-06-01 12:00:00,ssp370,38,64,76
2095-06-01 12:00:00,ssp245,24,49,67
2095-06-01 12:00:00,ssp585,52,73,84
2095-06-01 12:00:00,ssp126,13,28,50
2095-09-01 12:00:00,ssp585,4,11,24
2095-09-01 12:00:00,ssp245,0,4,9
2095-09-01 12:00:00,ssp370,2,8,19
2095-09-01 12:00:00,ssp126,0,1,6
2095-12-01 12:00:00,ssp585,0,0,0
2095-12-01 12:00:00,ssp245,0,0,0
2095-12-01 12:00:00,ssp126,0,0,0
2095-12-01 12:00:00,ssp370,0,0,0
2096-03-01 12:00:00,ssp585,0,4,10
2096-03-01 12:00:00,ssp245,0,1,3
2096-03-01 12:00:00,ssp126,0,0,2
2096-03-01 12:00:00,ssp370,0,2,9
2096-06-01 12:00:00,ssp245,27,38,60
2096-06-01 12:00:00,ssp370,34,67,78
2096-06-01 12:00:00,ssp585,51,71,86
2096-06-01 12:00:00,ssp126,15,29,52
2096-09-01 12:00:00,ssp245,0,3,8
2096-09-01 12:00:00,ssp370,1,8,19
2096-09-01 12:00:00,ssp126,0,1,7
2096-09-01 12:00:00,ssp585,4,14,28
2096-12-01 12:00:00,ssp370,0,0,0
2096-12-01 12:00:00,ssp245,0,0,0
2096-12-01 12:00:00,ssp126,0,0,0
2096-12-01 12:00:00,ssp585,0,0,0
2097-03-01 12:00:00,ssp245,0,1,3
2097-03-01 12:00:00,ssp370,0,2,11
2097-03-01 12:00:00,ssp126,0,0,3
2097-03-01 12:00:00,ssp585,1,5,11
2097-06-01 12:00:00,ssp245,27,48,61
2097-06-01 12:00:00,ssp126,12,25,50
2097-06-01 12:00:00,ssp370,40,66,78
2097-06-01 12:00:00,ssp585,54,74,84
2097-09-01 12:00:00,ssp585,3,13,27
2097-09-01 12:00:00,ssp245,0,4,9
2097-09-01 12:00:00,ssp370,2,6,18
2097-09-01 12:00:00,ssp126,0,2,8
2097-12-01 12:00:00,ssp126,0,0,0
2097-12-01 12:00:00,ssp245,0,0,0
2097-12-01 12:00:00,ssp370,0,0,0
2097-12-01 12:00:00,ssp585,0,0,0
2098-03-01 12:00:00,ssp370,0,2,5
2098-03-01 12:00:00,ssp585,0,3,10
2098-03-01 12:00:00,ssp126,0,0,2
2098-03-01 12:00:00,ssp245,0,1,4
2098-06-01 12:00:00,ssp245,25,46,64
2098-06-01 12:00:00,ssp370,41,61,76
2098-06-01 12:00:00,ssp585,57,72,87
2098-06-01 12:00:00,ssp126,16,27,51
2098-09-01 12:00:00,ssp370,2,9,18
2098-09-01 12:00:00,ssp126,0,2,9
2098-09-01 12:00:00,ssp245,0,4,8
2098-09-01 12:00:00,ssp585,5,14,28
2098-12-01 12:00:00,ssp126,0,0,0
2098-12-01 12:00:00,ssp585,0,0,0
2098-12-01 12:00:00,ssp370,0,0,0
2098-12-01 12:00:00,ssp245,0,0,0
2099-03-01 12:00:00,ssp126,0,0,1
2099-03-01 12:00:00,ssp585,0,6,10
2099-03-01 12:00:00,ssp370,1,2,5
2099-03-01 12:00:00,ssp245,0,1,7
2099-06-01 12:00:00,ssp370,45,63,78
2099-06-01 12:00:00,ssp126,12,26,45
2099-06-01 12:00:00,ssp585,53,76,87
2099-06-01 12:00:00,ssp245,28,46,61
2099-09-01 12:00:00,ssp245,1,4,9
2099-09-01 12:00:00,ssp585,5,14,28
2099-09-01 12:00:00,ssp370,3,10,19
2099-09-01 12:00:00,ssp126,0,3,6
2099-12-01 12:00:00,ssp585,0,0,0
2099-12-01 12:00:00,ssp370,0,0,0
2099-12-01 12:00:00,ssp245,0,0,0
2099-12-01 12:00:00,ssp126,0,0,0
2100-03-01 12:00:00,ssp370,1,3,8
2100-03-01 12:00:00,ssp245,0,1,3
2100-03-01 12:00:00,ssp126,0,0,2
2100-03-01 12:00:00,ssp585,1,5,10
2100-06-01 12:00:00,ssp370,43,58,76
2100-06-01 12:00:00,ssp585,47,76,86
2100-06-01 12:00:00,ssp126,13,28,40
2100-06-01 12:00:00,ssp245,29,43,62
2100-09-01 12:00:00,ssp370,4,8,23
2100-09-01 12:00:00,ssp585,6,13,22
2100-09-01 12:00:00,ssp245,1,4,8
2100-09-01 12:00:00,ssp126,0,2,5
2100-12-01 12:00:00,ssp245,,,
2100-12-01 12:00:00,ssp126,,,
2100-12-01 12:00:00,ssp370,,,
2100-12-01 12:00:00,ssp585,,,
